/path/to/file_874.txt,24.72582213490267,1454
/path/to/file_414.txt,13.167600637172136,448
/path/to/file_211.txt,16.265577164690676,1670
/path/to/file_947.txt,20.772783752462246,548
/path/to/file_587.txt,11.269056681657403,1710
/path/to/file_66.txt,11.08889084035769,1786
/path/to/file_131.txt,20.413161553097513,1340
/path/to/file_865.txt,23.683061761691686,545
/path/to/file_268.txt,1.6280026584644602,1466
/path/to/file_21.txt,0.39669438604809315,1493
/path/to/file_277.txt,5.780849011600888,1197
/path/to/file_612.txt,35.22636525541107,1484
/path/to/file_481.txt,38.4903745732059,57
/path/to/file_384.txt,7.005045107846244,1252
/path/to/file_85.txt,26.83099469864439,936
/path/to/file_500.txt,39.2616475717197,1045
/path/to/file_925.txt,16.316040067885336,1950
/path/to/file_197.txt,26.41184156993972,300
/path/to/file_448.txt,12.307725099068346,1364
/path/to/file_574.txt,32.85632419107658,1255
/path/to/file_238.txt,22.115792519671054,852
/path/to/file_337.txt,13.062504080307491,737
/path/to/file_741.txt,2.9295000764452794,154
/path/to/file_449.txt,28.454768013271263,1497
/path/to/file_178.txt,2.3749494784423053,1506
/path/to/file_141.txt,19.92695715170868,1335
/path/to/file_762.txt,1.2770041084275219,1930
/path/to/file_243.txt,23.8286977332561,1292
/path/to/file_137.txt,23.44987963999765,1195
/path/to/file_160.txt,0.05563164794100128,800
/path/to/file_752.txt,33.277821068486936,1571
/path/to/file_291.txt,32.249737347575774,667
/path/to/file_847.txt,24.59596709052707,1376
/path/to/file_212.txt,3.5096882269901597,785
/path/to/file_383.txt,28.168221150278004,930
/path/to/file_34.txt,29.591315967701913,565
/path/to/file_969.txt,5.465665366092383,22
/path/to/file_274.txt,21.801681790918032,1100
/path/to/file_394.txt,1.062498489713275,172
/path/to/file_517.txt,16.05594381712157,776
/path/to/file_787.txt,39.63488658335314,1018
/path/to/file_758.txt,38.673185415842866,1858
/path/to/file_568.txt,34.35460364071048,1163
/path/to/file_908.txt,2.5028363960365274,1930
/path/to/file_734.txt,25.280095184636533,1633
/path/to/file_833.txt,23.4999836682246,1407
/path/to/file_827.txt,29.745950069642095,1298
/path/to/file_698.txt,10.576602305771043,234
/path/to/file_138.txt,11.543824988216475,204
/path/to/file_784.txt,15.766266297918033,1148
/path/to/file_265.txt,27.67913802805969,1207
/path/to/file_438.txt,37.63947048667,928
/path/to/file_219.txt,8.047406797571487,789
/path/to/file_667.txt,38.61142739090808,1187
/path/to/file_833.txt,13.486269320953754,124
/path/to/file_177.txt,35.66419513891863,618
/path/to/file_427.txt,11.79975360543275,1612
/path/to/file_72.txt,22.669528399461527,1278
/path/to/file_565.txt,16.9875819011839,1837
/path/to/file_944.txt,39.202602205200726,381
/path/to/file_289.txt,26.37936447667673,1205
/path/to/file_839.txt,26.905471699684984,514
/path/to/file_535.txt,6.75187195789583,1728
/path/to/file_963.txt,38.63162817610789,265
/path/to/file_417.txt,9.427175068028344,1359
/path/to/file_504.txt,0.19365144719777128,1011
/path/to/file_867.txt,30.122217081246312,147
/path/to/file_474.txt,5.8384513450078845,1522
/path/to/file_844.txt,34.18250020934472,1685
/path/to/file_914.txt,28.81024244539347,816
/path/to/file_486.txt,20.378495803326967,109
/path/to/file_118.txt,12.011006083751884,1120
/path/to/file_919.txt,13.028811299562143,244
/path/to/file_896.txt,9.589656656379407,550
/path/to/file_45.txt,3.0789615763054234,1169
/path/to/file_583.txt,5.276832870838484,65
/path/to/file_494.txt,16.046911486744712,796
/path/to/file_871.txt,26.75949622349367,372
/path/to/file_649.txt,3.0383380752701594,416
/path/to/file_528.txt,13.007593257342517,1114
/path/to/file_246.txt,29.216260301667326,1225
/path/to/file_858.txt,4.082064281649727,84
/path/to/file_948.txt,9.460887665890262,700
/path/to/file_691.txt,28.215248275558746,649
/path/to/file_993.txt,0.26597729596987474,698
/path/to/file_426.txt,21.900574176647293,1948
/path/to/file_933.txt,21.852480510460417,585
/path/to/file_299.txt,4.9789650987513046,1626
/path/to/file_992.txt,3.93060525050712,1470
/path/to/file_798.txt,26.550247254372547,14
/path/to/file_79.txt,29.633828923266258,346
/path/to/file_679.txt,5.824267838033621,684
/path/to/file_822.txt,34.30159316880584,1791
/path/to/file_402.txt,14.905550044968233,114
/path/to/file_903.txt,9.936091792519859,74
/path/to/file_452.txt,11.118747126120393,908
/path/to/file_492.txt,38.82233301767887,1361
/path/to/file_652.txt,12.849471417581903,239
/path/to/file_698.txt,33.87913042272586,1061
/path/to/file_344.txt,14.622045800956954,1114
/path/to/file_725.txt,2.7156350773944427,1061
/path/to/file_889.txt,16.30354008842938,1757
/path/to/file_373.txt,1.7059401981331401,991
/path/to/file_489.txt,30.39736287057588,1233
/path/to/file_109.txt,23.888267696822577,339
/path/to/file_473.txt,9.281378727383292,266
/path/to/file_45.txt,28.987969862351378,1190
/path/to/file_361.txt,11.222842456993064,905
/path/to/file_610.txt,0.27348790033105086,322
/path/to/file_88.txt,33.18610655133511,484
/path/to/file_217.txt,1.7849057166539417,1540
/path/to/file_370.txt,25.735344197769958,204
/path/to/file_804.txt,28.727734912428687,951
/path/to/file_777.txt,28.12029781953862,937
/path/to/file_697.txt,30.768301826783983,1051
/path/to/file_532.txt,17.34230176083241,1412
/path/to/file_491.txt,39.27393470564738,1280
/path/to/file_497.txt,2.7055728633573484,986
/path/to/file_351.txt,14.2333660958557,1567
/path/to/file_442.txt,36.00489938963959,684
/path/to/file_458.txt,17.45290227781178,1118
/path/to/file_154.txt,29.93400129580929,1943
/path/to/file_579.txt,23.621442982213473,1521
/path/to/file_779.txt,14.184765861585763,979
/path/to/file_900.txt,18.64519702450049,252
/path/to/file_116.txt,16.603847367659593,704
/path/to/file_702.txt,27.19722563270973,706
/path/to/file_712.txt,14.391688497935519,994
/path/to/file_684.txt,25.631632167055404,213
/path/to/file_142.txt,6.034024651401171,902
/path/to/file_204.txt,2.8706090319726885,562
/path/to/file_763.txt,5.845533793793076,1891
/path/to/file_521.txt,24.898530410974388,931
/path/to/file_948.txt,11.021316314798364,336
/path/to/file_778.txt,39.83987464151412,1550
/path/to/file_670.txt,36.07855098628904,236
/path/to/file_886.txt,8.259472413370833,487
/path/to/file_491.txt,21.494609724530935,1207
/path/to/file_657.txt,1.1182331187719452,573
/path/to/file_915.txt,14.348806766009115,1352
/path/to/file_181.txt,25.43132977370298,583
/path/to/file_811.txt,38.73098040833117,1595
/path/to/file_752.txt,19.938030140271348,274
/path/to/file_227.txt,31.666383108203394,1937
/path/to/file_380.txt,28.375076257782723,1160
/path/to/file_161.txt,15.237641864657512,1719
/path/to/file_369.txt,7.107654661799043,1635
/path/to/file_866.txt,28.321403494558112,580
/path/to/file_888.txt,33.45839445886701,1939
/path/to/file_222.txt,0.33338146608525854,1468
/path/to/file_468.txt,32.28655446830969,149
/path/to/file_986.txt,2.7558957970661613,828
/path/to/file_906.txt,2.5163874224510474,641
/path/to/file_997.txt,13.665413608281924,1594
/path/to/file_84.txt,9.569342134917287,379
/path/to/file_329.txt,6.291622598610691,1500
/path/to/file_394.txt,25.250268993532245,1106
/path/to/file_706.txt,5.458661426966134,1673
/path/to/file_561.txt,14.914576497229453,209
/path/to/file_898.txt,16.627166891069827,553
/path/to/file_961.txt,35.35821061031089,196
/path/to/file_310.txt,2.05149330302965,1270
/path/to/file_208.txt,36.56037722233347,1902
/path/to/file_614.txt,10.005535672862411,1674
/path/to/file_578.txt,30.059186413173368,1485
/path/to/file_821.txt,36.5495291228256,1560
/path/to/file_807.txt,29.65963142906726,909
/path/to/file_599.txt,7.868569941278367,562
/path/to/file_555.txt,5.489678118083425,276
/path/to/file_722.txt,34.75574552910585,1178
/path/to/file_927.txt,13.220024198701443,956
/path/to/file_547.txt,21.43956347858485,456
/path/to/file_5.txt,18.147172985769764,432
/path/to/file_677.txt,15.806721841470539,1088
/path/to/file_690.txt,6.262428477644484,942
/path/to/file_55.txt,24.73700695661668,1201
/path/to/file_758.txt,0.42553738584261147,1588
/path/to/file_579.txt,31.881309665602227,847
/path/to/file_673.txt,27.80812331344682,859
/path/to/file_430.txt,30.733483683742257,310
/path/to/file_628.txt,30.484302606685524,1963
/path/to/file_732.txt,13.125244723392626,1175
/path/to/file_676.txt,36.851270679381905,450
/path/to/file_25.txt,23.93890070065484,1332
/path/to/file_451.txt,5.830242164756996,1111
/path/to/file_248.txt,7.06920061771787,97
/path/to/file_956.txt,38.37461349304923,1725
/path/to/file_303.txt,18.674979626402248,1165
/path/to/file_955.txt,14.315204431460886,821
/path/to/file_79.txt,6.942653940181405,413
/path/to/file_601.txt,28.58339468628056,916
/path/to/file_73.txt,1.990173901879575,1385
/path/to/file_943.txt,15.994180143323383,1668
/path/to/file_240.txt,26.30227051009319,288
/path/to/file_804.txt,27.783667692283412,1571
/path/to/file_298.txt,33.74393622570024,831
/path/to/file_490.txt,5.505724468618616,1817
/path/to/file_478.txt,12.534625949298714,218
/path/to/file_36.txt,34.243904967432385,1169
/path/to/file_199.txt,24.906581057865385,520
/path/to/file_844.txt,38.36561363009728,1166
/path/to/file_122.txt,20.770677896044923,338
/path/to/file_173.txt,1.9651335821284288,211
/path/to/file_795.txt,30.368909123370763,1477
/path/to/file_560.txt,21.81419687294963,10
/path/to/file_141.txt,3.847507268645005,956
/path/to/file_330.txt,10.6904191003307,1622
/path/to/file_324.txt,36.72711540845414,1272
/path/to/file_853.txt,34.93534472059264,1320
/path/to/file_664.txt,11.557284239101818,351
/path/to/file_569.txt,8.439439982192326,1508
/path/to/file_929.txt,36.21491939949959,1624
/path/to/file_818.txt,29.665170191190914,1321
/path/to/file_369.txt,0.546873644643382,411
/path/to/file_129.txt,27.992812389085344,1816
/path/to/file_505.txt,32.06134961697592,1703
/path/to/file_537.txt,20.410816132328332,1129
/path/to/file_29.txt,22.85517338056106,400
/path/to/file_113.txt,18.18689877913123,1565
/path/to/file_395.txt,2.5162958338211094,1201
/path/to/file_292.txt,24.3423808430433,69
/path/to/file_122.txt,35.9545277490404,1224
/path/to/file_43.txt,3.738542460469767,1824
/path/to/file_260.txt,31.50739636686259,401
/path/to/file_949.txt,37.07676242836719,1445
/path/to/file_127.txt,26.496860124165245,1235
/path/to/file_37.txt,12.298874184020633,821
/path/to/file_129.txt,24.675757075666034,933
/path/to/file_544.txt,19.480291892541178,922
/path/to/file_964.txt,22.823952631853366,1626
/path/to/file_832.txt,13.401150734916115,1097
/path/to/file_97.txt,35.3334362618148,1505
/path/to/file_1.txt,14.850872546840893,36
/path/to/file_343.txt,26.522664094143682,278
/path/to/file_565.txt,23.79925691572307,1440
/path/to/file_413.txt,14.966375317465989,171
/path/to/file_138.txt,30.608404949084846,615
/path/to/file_38.txt,0.04364062825204407,774
/path/to/file_319.txt,23.741772434217737,1748
/path/to/file_334.txt,31.32730845216118,745
/path/to/file_287.txt,32.181315470603835,103
/path/to/file_547.txt,25.199501200044914,1879
/path/to/file_187.txt,24.2804166600509,214
/path/to/file_619.txt,22.10006045834705,209
/path/to/file_16.txt,8.650087988686131,739
/path/to/file_13.txt,36.649271769846465,1837
/path/to/file_883.txt,6.727813186712459,1995
/path/to/file_523.txt,36.289905688002655,768
/path/to/file_242.txt,18.450674863745704,1620
/path/to/file_464.txt,19.603147943942226,1893
/path/to/file_220.txt,36.31622200820135,93
/path/to/file_788.txt,9.00905123324868,927
/path/to/file_823.txt,4.864111077896771,1536
/path/to/file_684.txt,8.598117186544432,1408
/path/to/file_258.txt,3.380891009962248,1703
/path/to/file_851.txt,37.482068705993775,534
/path/to/file_900.txt,17.354954937418505,1929
/path/to/file_662.txt,32.696174189470575,1489
/path/to/file_221.txt,23.637011670201925,1733
/path/to/file_68.txt,17.242291412388994,496
/path/to/file_902.txt,33.983966733132284,997
/path/to/file_688.txt,12.3150492074469,548
/path/to/file_657.txt,11.978890802120592,401
/path/to/file_246.txt,16.397464338739304,1318
/path/to/file_620.txt,29.138960912076406,297
/path/to/file_888.txt,23.110187172834795,703
/path/to/file_220.txt,10.027884393300965,1613
/path/to/file_439.txt,27.71356217257033,1392
/path/to/file_65.txt,26.687858695664744,1316
/path/to/file_776.txt,25.45273907715103,1278
/path/to/file_133.txt,10.577038625267772,1110
/path/to/file_349.txt,6.707177796060577,1119
/path/to/file_815.txt,13.661144573634104,1608
/path/to/file_379.txt,1.0718628331559765,260
/path/to/file_751.txt,1.306496887286932,861
/path/to/file_449.txt,33.1499272264428,309
/path/to/file_731.txt,3.1456994375673997,1739
/path/to/file_432.txt,22.42936027489715,1226
/path/to/file_583.txt,1.329180593800534,118
/path/to/file_476.txt,9.615970827440146,786
/path/to/file_990.txt,23.0226758176168,693
/path/to/file_744.txt,30.30767559645337,519
/path/to/file_219.txt,39.321856515639666,243
/path/to/file_164.txt,27.65338865601779,444
/path/to/file_71.txt,4.263512232112618,1681
/path/to/file_599.txt,23.162546015532605,560
/path/to/file_797.txt,14.018420962063697,917
/path/to/file_675.txt,20.25603858623287,860
/path/to/file_628.txt,17.36056239699186,1080
/path/to/file_59.txt,14.404833852289723,700
/path/to/file_369.txt,19.49745118794645,963
/path/to/file_988.txt,26.105955108756838,977
/path/to/file_302.txt,24.411625892203826,1560
/path/to/file_398.txt,2.344638625102551,825
/path/to/file_193.txt,36.804484950024815,1340
/path/to/file_732.txt,35.597062424263356,888
/path/to/file_718.txt,10.382467166533953,546
/path/to/file_127.txt,6.9348623790841835,496
/path/to/file_35.txt,22.652775691475536,1373
/path/to/file_4.txt,2.1485652829759028,208
/path/to/file_834.txt,37.59047922706483,37
/path/to/file_508.txt,27.35214954887063,550
/path/to/file_288.txt,39.37124906420651,1503
/path/to/file_214.txt,26.328357643054865,1318
/path/to/file_714.txt,4.7256652002208055,1476
/path/to/file_266.txt,11.148933446671938,1315
/path/to/file_204.txt,8.103198483803462,1834
/path/to/file_948.txt,1.6676662465120273,844
/path/to/file_17.txt,19.941106360300513,1257
/path/to/file_832.txt,5.034016326572477,551
/path/to/file_109.txt,15.411057219666887,703
/path/to/file_480.txt,13.654010125226023,146
/path/to/file_19.txt,36.597275434572694,1196
/path/to/file_401.txt,34.15744452663329,493
/path/to/file_887.txt,33.21674019974287,404
/path/to/file_653.txt,24.66366185219584,1975
/path/to/file_696.txt,33.44367388121826,381
/path/to/file_71.txt,9.38530149916943,1980
/path/to/file_743.txt,0.04596383550885097,510
/path/to/file_199.txt,7.045039110498501,1227
/path/to/file_380.txt,20.94209396940841,381
/path/to/file_214.txt,21.140907547214645,466
/path/to/file_360.txt,16.666275538475226,593
/path/to/file_865.txt,5.272590666485963,971
/path/to/file_344.txt,14.806662348288713,1544
/path/to/file_224.txt,10.402687825481053,1680
/path/to/file_295.txt,2.907130150833681,867
/path/to/file_113.txt,20.20509938939801,1385
/path/to/file_255.txt,8.37761955686867,1140
/path/to/file_988.txt,13.468735899779936,810
/path/to/file_784.txt,23.14396088901384,947
/path/to/file_695.txt,31.62595899389617,1861
/path/to/file_611.txt,15.81263461526532,286
/path/to/file_723.txt,21.09834727582056,65
/path/to/file_96.txt,1.8795912835932205,1687
/path/to/file_759.txt,26.81239346784102,906
/path/to/file_33.txt,13.633767740622007,1494
/path/to/file_599.txt,30.089582893240326,55
/path/to/file_869.txt,26.58158741098515,1968
/path/to/file_336.txt,23.052972734184856,910
/path/to/file_489.txt,32.26188787453812,273
/path/to/file_427.txt,20.03845731516122,261
/path/to/file_806.txt,20.891067178228933,1681
/path/to/file_210.txt,34.45220245979522,952
/path/to/file_871.txt,13.457486536921701,126
/path/to/file_828.txt,35.65756171295915,307
/path/to/file_598.txt,0.38159518921167646,1791
/path/to/file_964.txt,23.543244510286723,86
/path/to/file_122.txt,11.67395303246947,1107
/path/to/file_922.txt,31.302544477063094,837
/path/to/file_312.txt,35.94722103027424,968
/path/to/file_906.txt,26.467841200050724,406
/path/to/file_629.txt,22.501306234378013,1774
/path/to/file_381.txt,25.339293642356886,1642
/path/to/file_289.txt,34.58579858635348,1800
/path/to/file_804.txt,20.000474165944013,1588
/path/to/file_113.txt,4.01332077304827,1859
/path/to/file_451.txt,31.323800363310774,1775
/path/to/file_77.txt,34.73218178155549,110
/path/to/file_888.txt,2.382614332230184,1152
/path/to/file_706.txt,16.064301622874567,1382
/path/to/file_216.txt,20.013064345758576,1875
/path/to/file_829.txt,15.674257268574534,1616
/path/to/file_826.txt,26.904070831290223,1393
/path/to/file_871.txt,27.035750254352024,583
/path/to/file_61.txt,0.27525932567281863,643
/path/to/file_437.txt,19.515073836876343,469
/path/to/file_352.txt,28.227410061795336,1576
/path/to/file_547.txt,16.03484918147601,733
/path/to/file_362.txt,17.95037831206496,812
/path/to/file_91.txt,22.491887909635842,1557
/path/to/file_950.txt,7.571428991624005,1456
/path/to/file_483.txt,39.0901713931641,210
/path/to/file_732.txt,7.271692683037454,475
/path/to/file_618.txt,33.75788948884233,1428
/path/to/file_399.txt,33.41476403155865,375
/path/to/file_489.txt,11.272451090251039,1966
/path/to/file_659.txt,29.60982386502517,1704
/path/to/file_317.txt,26.102727651018697,1194
/path/to/file_998.txt,29.292883300013663,89
/path/to/file_422.txt,30.354224822193018,806
/path/to/file_971.txt,33.40036400500948,247
/path/to/file_544.txt,4.14743234229864,62
/path/to/file_837.txt,31.359649635312145,1814
/path/to/file_803.txt,13.190244793003654,107
/path/to/file_579.txt,19.42488891262229,535
/path/to/file_137.txt,24.813885057519066,1565
/path/to/file_646.txt,4.6448848302292545,562
/path/to/file_244.txt,0.7850941236201026,342
/path/to/file_807.txt,39.389242883644336,1406
/path/to/file_150.txt,7.698586764457924,695
/path/to/file_802.txt,20.555104393926754,158
/path/to/file_504.txt,5.765420568035586,952
/path/to/file_488.txt,31.002684829513527,1705
/path/to/file_108.txt,33.295901252192785,759
/path/to/file_220.txt,3.8498020665368315,675
/path/to/file_469.txt,14.297073819530834,404
/path/to/file_418.txt,15.961676951764577,1778
/path/to/file_23.txt,5.912600553966283,1493
/path/to/file_808.txt,13.041160955497286,1299
/path/to/file_664.txt,6.164263864296675,667
/path/to/file_849.txt,28.332837672667928,921
/path/to/file_162.txt,25.947313567548875,787
/path/to/file_470.txt,16.159950862666093,1066
/path/to/file_454.txt,24.920802451131475,748
/path/to/file_247.txt,36.898447440162556,21
/path/to/file_807.txt,27.10473381644747,936
/path/to/file_73.txt,29.380205268003277,598
/path/to/file_399.txt,24.21231121117774,1304
/path/to/file_337.txt,36.252679726085645,40
/path/to/file_470.txt,15.54560369370256,405
/path/to/file_708.txt,20.947576999361477,573
/path/to/file_588.txt,8.846601791733942,501
/path/to/file_247.txt,16.275141360184257,1925
/path/to/file_546.txt,38.03555287575506,941
/path/to/file_463.txt,26.108162014749546,1547
/path/to/file_504.txt,4.667862582764197,1767
/path/to/file_211.txt,5.302596410539033,1648
/path/to/file_585.txt,17.31363952909509,487
/path/to/file_950.txt,33.74913978186855,1443
/path/to/file_581.txt,5.964910163059147,734
/path/to/file_819.txt,29.862499393304404,1345
/path/to/file_35.txt,7.189850180840316,666
/path/to/file_605.txt,33.22902837139392,1303
/path/to/file_594.txt,1.3111598816848824,1997
/path/to/file_407.txt,20.769190090112378,1971
/path/to/file_527.txt,17.265415010822274,866
/path/to/file_980.txt,19.94024403412421,1027
/path/to/file_528.txt,23.14859840778311,1718
/path/to/file_869.txt,39.931850362138846,87
/path/to/file_925.txt,28.52999897889852,892
/path/to/file_594.txt,17.28380085327863,1902
/path/to/file_936.txt,24.420155126249767,1177
/path/to/file_380.txt,12.045680367621063,1797
/path/to/file_352.txt,28.992844140413165,1138
/path/to/file_893.txt,29.530020167714444,443
/path/to/file_366.txt,33.88466915156547,1706
/path/to/file_972.txt,13.17360734021114,1743
/path/to/file_507.txt,30.602690768484816,673
/path/to/file_985.txt,20.058215604406442,941
/path/to/file_909.txt,36.765160971929696,1971
/path/to/file_117.txt,25.540460390494033,1425
/path/to/file_226.txt,33.24581423113034,891
/path/to/file_701.txt,23.724789234567996,191
/path/to/file_938.txt,29.744158558773695,1403
/path/to/file_213.txt,4.465882851104959,1322
/path/to/file_755.txt,8.467802542801305,624
/path/to/file_162.txt,32.78489782823284,1661
/path/to/file_192.txt,39.29807228691398,1530
/path/to/file_930.txt,8.848302360692637,882
/path/to/file_221.txt,25.995775092662726,253
/path/to/file_630.txt,7.334483183292733,1693
/path/to/file_950.txt,1.7645594640602091,1050
/path/to/file_820.txt,35.72724661013948,107
/path/to/file_172.txt,19.761558945098706,1414
/path/to/file_289.txt,4.755452698316041,738
/path/to/file_108.txt,22.84553740897621,1217
/path/to/file_5.txt,17.13985708345166,764
/path/to/file_455.txt,20.709803694175378,404
/path/to/file_609.txt,38.21366763966267,905
/path/to/file_408.txt,32.13837496893512,321
/path/to/file_34.txt,16.213613416566556,1143
/path/to/file_738.txt,32.14647628913041,452
/path/to/file_264.txt,21.150875996575763,1822
/path/to/file_768.txt,27.872310538350142,1461
/path/to/file_157.txt,1.3398106051648995,1387
/path/to/file_780.txt,2.85492677645522,550
/path/to/file_352.txt,5.899965561871712,1232
/path/to/file_118.txt,31.887086799215453,850
/path/to/file_994.txt,22.672153741296487,839
/path/to/file_492.txt,20.217827039555416,1699
/path/to/file_762.txt,24.695220150951943,1250
/path/to/file_580.txt,8.271205235586713,302
/path/to/file_46.txt,33.37546734543333,1737
/path/to/file_707.txt,23.9834162227135,298
/path/to/file_901.txt,25.24648687254974,1662
/path/to/file_157.txt,8.320399804688021,883
/path/to/file_884.txt,38.09168929046222,381
/path/to/file_265.txt,27.667144117256687,942
/path/to/file_685.txt,12.970870693695616,175
/path/to/file_915.txt,16.332162154156464,1716
/path/to/file_24.txt,29.33938754111008,1563
/path/to/file_365.txt,4.328552167883344,670
/path/to/file_134.txt,11.589953120756,32
/path/to/file_418.txt,21.033992829112158,748
/path/to/file_71.txt,39.55486888577357,1848
/path/to/file_317.txt,37.81435786216044,1731
/path/to/file_50.txt,1.8269186333081944,472
/path/to/file_258.txt,30.532624427791333,240
/path/to/file_943.txt,8.168963165433855,23
/path/to/file_931.txt,16.13118459685343,367
/path/to/file_95.txt,28.451731186250356,1772
/path/to/file_874.txt,39.1229648876162,1370
/path/to/file_249.txt,7.716969956375768,1835
/path/to/file_84.txt,16.500516419752238,246
/path/to/file_436.txt,1.8815377561795055,187
/path/to/file_675.txt,21.231402154768393,1436
/path/to/file_727.txt,19.497243931117158,1622
/path/to/file_275.txt,20.852576925773306,1563
/path/to/file_650.txt,26.50175072466347,456
/path/to/file_199.txt,34.746542075961116,181
/path/to/file_193.txt,7.316946983400712,1046
/path/to/file_294.txt,33.62334446196693,1243
/path/to/file_637.txt,1.2346869257547644,1093
/path/to/file_702.txt,25.643038255015217,1318
/path/to/file_519.txt,13.101598895016785,738
/path/to/file_84.txt,10.460020834498533,1631
/path/to/file_933.txt,32.86722805860516,1040
/path/to/file_496.txt,4.306486278218271,1903
/path/to/file_366.txt,28.62753992807901,663
/path/to/file_821.txt,27.480559223595826,757
/path/to/file_499.txt,27.188200777203072,1837
/path/to/file_994.txt,30.543461721739746,1129
/path/to/file_695.txt,27.17215932498413,773
/path/to/file_461.txt,31.625786032447067,1680
/path/to/file_180.txt,22.07980566533489,1495
/path/to/file_787.txt,26.109689867679204,1864
/path/to/file_856.txt,36.223656041175396,1230
/path/to/file_320.txt,32.07612883979881,151
/path/to/file_750.txt,23.267254810656798,223
/path/to/file_961.txt,17.74069673319766,1421
/path/to/file_715.txt,24.2077489956066,1718
/path/to/file_548.txt,37.48551866071338,1340
/path/to/file_264.txt,30.534234075440683,1378
/path/to/file_310.txt,17.745177709985608,519
/path/to/file_72.txt,37.15942123569815,1402
/path/to/file_236.txt,12.208575054669781,1054
/path/to/file_530.txt,38.04103078989521,525
/path/to/file_257.txt,18.934247544998257,975
/path/to/file_59.txt,37.00671115855335,1811
/path/to/file_839.txt,13.354729996154875,1891
/path/to/file_844.txt,12.44486876477206,1337
/path/to/file_475.txt,5.32477454852168,948
/path/to/file_355.txt,15.677207618523909,1245
/path/to/file_577.txt,2.5961562240389746,400
/path/to/file_222.txt,22.246189266805565,1218
/path/to/file_314.txt,4.0380647679766035,44
/path/to/file_636.txt,36.633400084026235,1137
/path/to/file_79.txt,0.41365907814202796,43
/path/to/file_782.txt,21.267261514682758,94
/path/to/file_912.txt,26.082133618984646,1691
/path/to/file_416.txt,24.742581233961857,1375
/path/to/file_506.txt,17.797501246612587,728
/path/to/file_93.txt,20.228892733227948,337
/path/to/file_7.txt,27.86467172893872,380
/path/to/file_86.txt,8.715188397272136,73
/path/to/file_371.txt,13.939890631568685,722
/path/to/file_718.txt,12.711787557043767,1527
/path/to/file_398.txt,39.9162547170165,1448
/path/to/file_334.txt,4.354698889487212,642
/path/to/file_120.txt,15.610148810774017,910
/path/to/file_441.txt,6.3381098398867675,1492
/path/to/file_776.txt,9.458505884424092,496
/path/to/file_997.txt,27.31010262174447,1408
/path/to/file_985.txt,12.442937362807971,948
/path/to/file_404.txt,10.548972647400184,1639
/path/to/file_833.txt,39.95069660103623,1002
/path/to/file_561.txt,10.909395582896115,812
/path/to/file_485.txt,30.167184119514072,854
/path/to/file_995.txt,29.094652467914912,1217
/path/to/file_935.txt,37.092070475441204,953
/path/to/file_802.txt,0.5460838816346714,947
/path/to/file_877.txt,20.413033874913165,1253
/path/to/file_659.txt,27.32968918626839,1135
/path/to/file_780.txt,27.225483168425967,1521
/path/to/file_658.txt,35.49720468170481,1890
/path/to/file_144.txt,19.49427107605593,597
/path/to/file_916.txt,24.30825174459756,1990
/path/to/file_89.txt,18.90307474522642,817
/path/to/file_710.txt,18.04518163954416,1634
/path/to/file_179.txt,34.47138573890622,1282
/path/to/file_714.txt,25.744806265980273,1140
/path/to/file_878.txt,25.923534243450597,126
/path/to/file_372.txt,6.966831991901352,1345
/path/to/file_384.txt,27.921468068448007,1092
/path/to/file_471.txt,38.990794642893334,1145
/path/to/file_216.txt,9.213294752235086,1873
/path/to/file_526.txt,8.647648012805353,715
/path/to/file_251.txt,23.972689506710534,152
/path/to/file_579.txt,1.781101454259697,1826
/path/to/file_223.txt,33.570557817863524,1519
/path/to/file_554.txt,15.076974814376843,5
/path/to/file_267.txt,8.906973480192924,1337
/path/to/file_861.txt,23.45337586491167,1865
/path/to/file_867.txt,31.04534271507498,598
/path/to/file_262.txt,18.28520148649671,1079
/path/to/file_5.txt,37.07627790876287,897
/path/to/file_681.txt,34.19355810889337,1511
/path/to/file_295.txt,30.5948474466709,286
/path/to/file_709.txt,19.925824025039745,787
/path/to/file_899.txt,0.26977831681239905,380
/path/to/file_488.txt,8.913092812277114,1784
/path/to/file_671.txt,18.779665189444323,775
/path/to/file_614.txt,38.25360144377971,1121
/path/to/file_121.txt,27.41211771504553,1275
/path/to/file_475.txt,12.912773855281712,930
/path/to/file_469.txt,20.11862430711265,1072
/path/to/file_765.txt,2.192393091707614,1187
/path/to/file_58.txt,37.63219762713863,1247
/path/to/file_710.txt,14.10149106414966,415
/path/to/file_788.txt,10.340674950673566,595
/path/to/file_829.txt,16.074288442122548,1857
/path/to/file_498.txt,1.9012117264487527,1366
/path/to/file_675.txt,14.023876018667325,333
/path/to/file_597.txt,34.73747972350838,1336
/path/to/file_784.txt,27.32025839608689,147
/path/to/file_784.txt,14.47282176793346,1513
/path/to/file_901.txt,7.78505360027542,627
/path/to/file_518.txt,33.957071309968676,289
/path/to/file_554.txt,19.478798333563216,1258
/path/to/file_455.txt,14.513753901805217,1944
/path/to/file_468.txt,34.15216726120131,142
/path/to/file_188.txt,7.766136924394198,367
/path/to/file_596.txt,10.567197578117451,1221
/path/to/file_698.txt,1.0126631024289434,1489
/path/to/file_171.txt,19.888652532900313,1159
/path/to/file_277.txt,18.084939124460085,94
/path/to/file_134.txt,26.636396241409322,766
/path/to/file_904.txt,5.8839372574246696,1764
/path/to/file_275.txt,36.6712110227363,337
/path/to/file_363.txt,32.10978131538445,1870
/path/to/file_585.txt,25.37668598834884,1435
/path/to/file_996.txt,4.069403375365983,569
/path/to/file_126.txt,24.674598350521535,1744
/path/to/file_434.txt,7.043711951729805,1063
/path/to/file_763.txt,26.426940780638276,850
/path/to/file_468.txt,23.436727470409927,1791
/path/to/file_220.txt,30.83204811873272,1998
/path/to/file_237.txt,36.53324091741911,705
/path/to/file_184.txt,38.057304160436004,1562
/path/to/file_845.txt,38.83721629334395,1073
/path/to/file_697.txt,29.817448232816275,1999
/path/to/file_616.txt,8.716032965520558,350
/path/to/file_340.txt,14.183748172490747,1164
/path/to/file_704.txt,21.764525782775735,1298
/path/to/file_498.txt,11.26167600683289,1602
/path/to/file_295.txt,38.3505514937933,1764
/path/to/file_314.txt,32.541792529265216,528
/path/to/file_205.txt,20.890466002792184,649
/path/to/file_82.txt,39.70433837530658,1772
/path/to/file_484.txt,6.8467368746744395,909
/path/to/file_656.txt,5.960127062441312,1660
/path/to/file_743.txt,24.491663810169225,1521
/path/to/file_966.txt,1.5207374226004733,1990
/path/to/file_814.txt,37.3850608484194,301
/path/to/file_992.txt,34.306244716491236,1111
/path/to/file_533.txt,26.55187652353275,752
/path/to/file_958.txt,17.539854499715016,1146
/path/to/file_489.txt,11.385371905225888,1045
/path/to/file_158.txt,5.625066870782787,68
/path/to/file_599.txt,35.394881638067794,1351
/path/to/file_907.txt,31.689668355127324,1407
/path/to/file_495.txt,34.86770680718318,723
/path/to/file_860.txt,14.729561628586962,925
/path/to/file_248.txt,2.6348710998592617,1419
/path/to/file_826.txt,17.427792846512308,825
/path/to/file_45.txt,30.186258871923123,418
/path/to/file_191.txt,26.061960152608556,712
/path/to/file_503.txt,33.03001900418264,653
/path/to/file_968.txt,17.646339646849253,653
/path/to/file_422.txt,8.984706132110261,378
/path/to/file_158.txt,24.447809316250037,132
/path/to/file_21.txt,13.546940778104588,1233
/path/to/file_893.txt,22.356196931670436,1796
/path/to/file_443.txt,25.251799077009252,618
/path/to/file_145.txt,1.7600914222119712,1275
/path/to/file_13.txt,4.669010374737899,583
/path/to/file_921.txt,33.27000033559271,1333
/path/to/file_109.txt,2.0907113121002308,1072
/path/to/file_39.txt,28.70711430997156,354
/path/to/file_154.txt,30.730267635499672,171
/path/to/file_133.txt,39.28132219560699,445
/path/to/file_388.txt,9.474617873510853,923
/path/to/file_645.txt,5.647408042869024,1163
/path/to/file_255.txt,32.28090492491082,1114
/path/to/file_60.txt,16.527965580750998,1964
/path/to/file_922.txt,5.866415280062154,807
/path/to/file_767.txt,29.816320647213175,1663
/path/to/file_515.txt,21.63872259471436,1747
/path/to/file_309.txt,4.3164366994954495,1081
/path/to/file_963.txt,38.69236732797143,1358
/path/to/file_86.txt,34.04218567130209,1672
/path/to/file_517.txt,24.276764456033348,367
/path/to/file_567.txt,5.345809150269085,356
/path/to/file_17.txt,24.579790310721496,1174
/path/to/file_665.txt,15.474615029505095,941
/path/to/file_553.txt,11.264554744557724,1394
/path/to/file_427.txt,16.60337889567645,623
/path/to/file_695.txt,20.35747041924488,106
/path/to/file_900.txt,33.07528651225041,54
/path/to/file_617.txt,31.006446174156977,564
/path/to/file_985.txt,39.934440621240775,1617
/path/to/file_627.txt,16.58213161967869,1390
/path/to/file_508.txt,37.09250265344157,726
/path/to/file_879.txt,37.57074254211693,359
/path/to/file_430.txt,29.201375536764473,737
/path/to/file_506.txt,12.19506854120542,1318
/path/to/file_253.txt,32.97040591159411,512
/path/to/file_102.txt,38.205141600591745,462
/path/to/file_836.txt,12.434374019549526,1900
/path/to/file_528.txt,27.008727359229937,299
/path/to/file_679.txt,1.3388824821665901,193
/path/to/file_852.txt,3.998510231433383,85
/path/to/file_939.txt,15.66281340583442,314
/path/to/file_893.txt,6.146911319775512,530
/path/to/file_320.txt,6.605286366127703,966
/path/to/file_218.txt,2.1221337063266077,640
/path/to/file_318.txt,28.672567589797207,633
/path/to/file_207.txt,37.979530193358315,1477
/path/to/file_778.txt,19.185645687730393,1747
/path/to/file_665.txt,37.4921008968171,911
/path/to/file_545.txt,5.040170864228859,1236
/path/to/file_529.txt,16.2555343563698,335
/path/to/file_528.txt,29.180006735819934,645
/path/to/file_681.txt,25.474961372433242,1736
/path/to/file_425.txt,39.39982424935308,90
/path/to/file_741.txt,34.56222936508885,286
/path/to/file_329.txt,3.0646200041359384,469
/path/to/file_11.txt,38.280413344097695,1770
/path/to/file_468.txt,20.73096989005475,996
/path/to/file_362.txt,20.427293085833398,1112
/path/to/file_493.txt,22.352315160699195,1494
/path/to/file_657.txt,8.846092779907057,1240
/path/to/file_339.txt,14.7182133435949,141
/path/to/file_740.txt,27.49829389542051,1284
/path/to/file_453.txt,1.7831871040231562,818
/path/to/file_927.txt,21.158372409670413,246
/path/to/file_312.txt,10.064294503078601,1720
/path/to/file_885.txt,30.07204926439675,872
/path/to/file_908.txt,20.907608090949424,117
/path/to/file_632.txt,4.706172613726021,675
/path/to/file_258.txt,1.2135809995170899,780
/path/to/file_367.txt,37.162064918807935,492
/path/to/file_992.txt,9.395056414719939,1186
/path/to/file_902.txt,34.652388838936325,244
/path/to/file_784.txt,6.456926147684157,1318
/path/to/file_222.txt,35.41451666071179,1266
/path/to/file_631.txt,13.76359430920758,403
/path/to/file_949.txt,19.309200096887636,1170
/path/to/file_999.txt,24.309868625341554,1051
/path/to/file_278.txt,18.793326566155493,121
/path/to/file_429.txt,30.88896461131168,1719
/path/to/file_892.txt,1.388518278916897,819
/path/to/file_565.txt,27.121847353241158,989
/path/to/file_651.txt,12.98083224701375,30
/path/to/file_853.txt,1.5542002680510025,1767
/path/to/file_689.txt,28.997532612611437,1006
/path/to/file_48.txt,1.499990492497063,127
/path/to/file_809.txt,14.607298562166067,1659
/path/to/file_594.txt,28.90926944379348,702
/path/to/file_634.txt,19.726959668166423,558
/path/to/file_286.txt,20.976856672609326,534
/path/to/file_410.txt,31.17661679791198,1979
/path/to/file_12.txt,36.9440721675022,1687
/path/to/file_782.txt,2.0736776588684114,1929
/path/to/file_884.txt,11.151317948281356,1394
/path/to/file_363.txt,39.662176578821324,333
/path/to/file_165.txt,20.028462754556344,724
/path/to/file_989.txt,26.890564305144476,381
/path/to/file_921.txt,33.860826099723525,1809
/path/to/file_860.txt,9.827209266593737,456
/path/to/file_795.txt,19.287478077693947,338
/path/to/file_484.txt,26.108853428464304,1703
/path/to/file_181.txt,29.37572615007314,1243
/path/to/file_924.txt,15.654826774991687,30
/path/to/file_656.txt,14.038270255058167,52
/path/to/file_170.txt,6.463324548036096,1120
/path/to/file_842.txt,22.325950406833947,500
/path/to/file_295.txt,27.63714945122085,1008
/path/to/file_252.txt,4.464750797912895,948
/path/to/file_797.txt,8.1099742661113,1104
/path/to/file_424.txt,12.74245066366185,1889
/path/to/file_470.txt,9.046454028168064,274
/path/to/file_762.txt,14.654740025037558,364
/path/to/file_491.txt,0.5307964315776159,179
/path/to/file_716.txt,33.24588755653764,610
/path/to/file_942.txt,26.409124490513598,1546
/path/to/file_965.txt,36.635773677961694,1933
/path/to/file_300.txt,16.05135780305646,1270
/path/to/file_727.txt,2.08150590652469,1617
/path/to/file_708.txt,1.4118969251208302,718
/path/to/file_320.txt,23.457315657541876,1150
/path/to/file_86.txt,17.697870864681434,940
/path/to/file_582.txt,9.287889008657144,986
/path/to/file_251.txt,33.41576974574071,660
/path/to/file_876.txt,9.790299358509525,633
/path/to/file_641.txt,12.347728124676847,676
/path/to/file_664.txt,22.054213506384777,1542
/path/to/file_969.txt,21.591651155317805,976
/path/to/file_913.txt,0.8599977864850938,154
/path/to/file_340.txt,0.2941939737100441,449
/path/to/file_960.txt,19.13236374945278,121
/path/to/file_377.txt,1.453246384915241,1851
/path/to/file_64.txt,36.21783124073112,1618
/path/to/file_995.txt,39.256882061060814,769
/path/to/file_927.txt,39.373753036440405,689
/path/to/file_610.txt,6.522373659144369,193
/path/to/file_527.txt,29.94290251962138,282
/path/to/file_198.txt,14.433305211095796,882
/path/to/file_591.txt,8.164418558208206,1243
/path/to/file_877.txt,0.8727638352805966,1050
/path/to/file_576.txt,11.986945673993263,1980
/path/to/file_589.txt,5.2098064259368115,1145
/path/to/file_143.txt,39.4665013502784,827
/path/to/file_993.txt,30.341444095413213,1020
/path/to/file_826.txt,20.620517100317745,48
/path/to/file_769.txt,33.51553844767126,597
/path/to/file_618.txt,16.35703596558257,362
/path/to/file_650.txt,2.9817859982307837,415
/path/to/file_312.txt,3.408418478012738,603
/path/to/file_247.txt,35.63470507093945,224
/path/to/file_253.txt,24.042123991088292,1704
/path/to/file_651.txt,39.44048841695078,1770
/path/to/file_622.txt,26.693774852334528,1470
/path/to/file_428.txt,10.207429087438008,1674
/path/to/file_309.txt,0.1302471815826456,1618
/path/to/file_914.txt,0.5347949472212354,225
/path/to/file_60.txt,39.82277255312645,1741
/path/to/file_795.txt,11.919885421787274,27
/path/to/file_230.txt,26.33147600381355,1418
/path/to/file_14.txt,3.2870158039199104,456
/path/to/file_253.txt,7.088013926724868,1775
/path/to/file_759.txt,32.487488830122665,153
/path/to/file_525.txt,26.248625693269176,1038
/path/to/file_615.txt,24.978329190622986,791
/path/to/file_153.txt,33.903506759251385,1539
/path/to/file_271.txt,17.47776666232509,1243
/path/to/file_925.txt,2.9044708972516853,1797
/path/to/file_520.txt,27.430631485606057,637
/path/to/file_911.txt,21.795496197337304,1124
/path/to/file_34.txt,30.977929435363762,947
/path/to/file_434.txt,35.11849744425237,271
/path/to/file_732.txt,31.82522457964101,1322
/path/to/file_255.txt,18.147873539723985,1838
/path/to/file_103.txt,21.324960874361267,32
/path/to/file_830.txt,1.2875775603345962,759
/path/to/file_158.txt,19.93670598142808,861
/path/to/file_658.txt,14.60978903477271,989
/path/to/file_679.txt,36.24583279784789,1054
/path/to/file_40.txt,22.556425612497858,300
/path/to/file_950.txt,22.240999970608115,1462
/path/to/file_696.txt,12.68281286149129,1226
/path/to/file_778.txt,3.7142525221986977,1110
/path/to/file_254.txt,9.126761203823825,811
/path/to/file_309.txt,28.802515623201913,501
/path/to/file_977.txt,6.837817979571148,1987
/path/to/file_700.txt,35.73736068531089,1952
/path/to/file_120.txt,22.800930147189646,524
/path/to/file_304.txt,10.275495403150646,799
/path/to/file_12.txt,12.942408367408952,1983
/path/to/file_33.txt,38.85977368314635,349
/path/to/file_422.txt,32.467665097616994,1826
/path/to/file_154.txt,17.9951784566672,714
/path/to/file_55.txt,11.452188103607138,817
/path/to/file_345.txt,1.2288290614393604,256
/path/to/file_340.txt,5.5642679429632125,1752
/path/to/file_847.txt,11.054372223322666,586
/path/to/file_55.txt,35.425357705365876,441
/path/to/file_317.txt,38.80863255957563,207
/path/to/file_946.txt,20.288596626242516,1922
/path/to/file_498.txt,13.546292842996754,1692
/path/to/file_876.txt,27.96801806078159,1634
/path/to/file_887.txt,13.411703122527857,309
/path/to/file_944.txt,21.150184740996952,1699
/path/to/file_903.txt,23.653866675265913,452
/path/to/file_378.txt,28.407662879870514,1040
/path/to/file_528.txt,29.86176418105821,95
/path/to/file_510.txt,38.029206944773364,1536
/path/to/file_355.txt,26.637805788422185,1488
/path/to/file_195.txt,35.71159006991802,1784
/path/to/file_886.txt,16.3501211465546,70
/path/to/file_469.txt,30.61433083927273,983
/path/to/file_944.txt,34.24323908961763,497
/path/to/file_378.txt,13.697371056284297,1147
/path/to/file_316.txt,35.94608022321229,257
/path/to/file_800.txt,8.033686104431297,1710
/path/to/file_868.txt,18.445058940379305,1366
/path/to/file_89.txt,8.271594666075535,1808
/path/to/file_528.txt,7.218898114458505,989
/path/to/file_545.txt,30.103342366964814,450
/path/to/file_819.txt,3.68415319408967,1706
/path/to/file_411.txt,15.246453743079936,1287
/path/to/file_731.txt,37.575310246856105,917
/path/to/file_823.txt,14.767612280355578,3
/path/to/file_887.txt,35.04264029219681,1952
/path/to/file_661.txt,22.901858105972188,416
/path/to/file_340.txt,16.22518054690634,1497
/path/to/file_942.txt,2.701487061992376,1346
/path/to/file_129.txt,1.6887648826912427,704
/path/to/file_154.txt,28.584027756774834,618
/path/to/file_144.txt,9.062675193200786,1203
/path/to/file_21.txt,28.953207117818334,1626
/path/to/file_444.txt,29.48755234339331,1669
/path/to/file_89.txt,39.825459825139305,466
/path/to/file_538.txt,20.75285889701373,708
/path/to/file_208.txt,15.968740803511725,769
/path/to/file_460.txt,21.071570454689528,787
/path/to/file_346.txt,11.416564817625838,568
/path/to/file_215.txt,28.832821186386127,1276
/path/to/file_480.txt,38.32315223584266,552
/path/to/file_537.txt,1.2526337542231802,278
/path/to/file_732.txt,6.595104561637339,1942
/path/to/file_681.txt,31.373851465693363,731
/path/to/file_357.txt,19.91367943118451,1754
/path/to/file_539.txt,38.969859632915906,765
/path/to/file_626.txt,36.961014566174114,1236
/path/to/file_917.txt,31.872711945645392,1181
/path/to/file_803.txt,38.424180943089766,1817
/path/to/file_911.txt,7.905781975968242,281
/path/to/file_932.txt,2.293379228330039,1407
/path/to/file_755.txt,10.709870943956169,621
/path/to/file_432.txt,15.294646568306224,1465
/path/to/file_587.txt,25.999711479006375,1671
/path/to/file_607.txt,31.70601716180687,1605
/path/to/file_731.txt,11.295201595961103,511
/path/to/file_445.txt,8.167266680552029,802
/path/to/file_494.txt,29.987591890280044,453
/path/to/file_836.txt,19.196776989194465,1641
/path/to/file_177.txt,21.6962367033043,191
/path/to/file_847.txt,1.7212255755905792,705
/path/to/file_679.txt,28.05919839563537,919
/path/to/file_177.txt,18.147576100947475,874
/path/to/file_316.txt,18.20849929615722,1781
/path/to/file_326.txt,12.74198269285729,882
/path/to/file_539.txt,24.462960783414186,968
/path/to/file_737.txt,26.223931835244834,1710
/path/to/file_612.txt,31.302212491781685,806
/path/to/file_712.txt,1.7946904475794634,1208
/path/to/file_60.txt,28.20497877310455,734
/path/to/file_950.txt,15.351136349047149,63
/path/to/file_103.txt,11.538888131250014,126
/path/to/file_877.txt,29.94761861513502,669
/path/to/file_7.txt,30.214704163458904,1228
/path/to/file_725.txt,29.231437074160315,225
/path/to/file_570.txt,7.780302095216363,1353
/path/to/file_893.txt,2.1673849155493885,1777
/path/to/file_849.txt,35.22123386031367,547
/path/to/file_430.txt,12.830370807345396,103
/path/to/file_967.txt,24.639448308136433,1781
/path/to/file_704.txt,27.70620377722661,1192
/path/to/file_84.txt,31.255963719921827,793
/path/to/file_76.txt,36.53268522885049,516
/path/to/file_298.txt,11.7152562242629,1814
/path/to/file_184.txt,16.1558123132054,743
/path/to/file_36.txt,17.170911439600584,799
/path/to/file_601.txt,5.290184147921657,631
/path/to/file_943.txt,8.567922664731537,82
/path/to/file_901.txt,29.429578214300026,1040
/path/to/file_217.txt,27.502599554998778,881
/path/to/file_965.txt,2.4777636647520795,2000
/path/to/file_545.txt,22.09867484190879,1185
/path/to/file_228.txt,26.005027374156743,1255
/path/to/file_26.txt,23.18544052147603,1836
/path/to/file_607.txt,2.490975498099095,500
/path/to/file_933.txt,34.54085006171305,714
/path/to/file_140.txt,15.578462714081972,940
/path/to/file_847.txt,25.448666386523698,12
/path/to/file_508.txt,31.49769702540569,445
/path/to/file_46.txt,39.396242282722845,1014
/path/to/file_635.txt,30.68069143692115,1308
/path/to/file_210.txt,28.29285374894623,1373
/path/to/file_258.txt,21.16965643170068,1097
/path/to/file_330.txt,27.324216781972417,1533
/path/to/file_66.txt,6.768179087698765,1142
/path/to/file_434.txt,15.888709086681256,1967
/path/to/file_98.txt,22.889451404688792,28
/path/to/file_301.txt,3.499527662731383,1299
/path/to/file_778.txt,21.76706481012095,1546
/path/to/file_550.txt,24.747560266680058,35
/path/to/file_946.txt,33.31017970609566,1421
/path/to/file_264.txt,24.742476030909458,691
/path/to/file_574.txt,17.3769730392721,169
/path/to/file_581.txt,26.77998902846057,1251
/path/to/file_281.txt,39.30553569254489,1572
/path/to/file_52.txt,31.94355913093375,1801
/path/to/file_942.txt,8.45324077520834,813
/path/to/file_292.txt,37.67196315370897,1576
/path/to/file_802.txt,27.296170353499996,1240
/path/to/file_69.txt,1.7499146567348145,534
/path/to/file_212.txt,11.504927006136892,602
/path/to/file_812.txt,37.685756021316315,1652
/path/to/file_337.txt,37.73669315070756,1914
/path/to/file_262.txt,31.320195849725412,516
/path/to/file_980.txt,0.09063335822266705,672
/path/to/file_428.txt,13.414294169781598,582
/path/to/file_558.txt,0.6038926872741568,934
/path/to/file_965.txt,5.006402568530128,608
/path/to/file_513.txt,25.083680129311144,1406
/path/to/file_422.txt,17.522395386480355,1951
/path/to/file_408.txt,28.798529160421293,308
/path/to/file_734.txt,18.894873880279036,527
/path/to/file_813.txt,1.992259110886998,685
/path/to/file_889.txt,17.45703290089194,303
/path/to/file_158.txt,3.1233170577547664,960
/path/to/file_189.txt,12.109123462234708,582
/path/to/file_58.txt,20.9159072855217,1272
/path/to/file_357.txt,35.62078346866488,322
/path/to/file_186.txt,26.99695044909283,1587
/path/to/file_598.txt,17.205711760529336,555
/path/to/file_998.txt,12.152525870180963,500
/path/to/file_924.txt,27.711118809112843,276
/path/to/file_291.txt,13.660702092280177,255
/path/to/file_135.txt,4.587348035256351,1288
/path/to/file_932.txt,23.896058176994575,1714
/path/to/file_612.txt,25.833664421220348,980
/path/to/file_454.txt,21.29820255390087,974
/path/to/file_111.txt,13.962652397639168,1155
/path/to/file_734.txt,32.31880075017057,1907
/path/to/file_10.txt,13.8634626467787,122
/path/to/file_332.txt,21.25036588744348,992
/path/to/file_192.txt,23.07291714096154,1505
/path/to/file_233.txt,11.906111927278612,1457
/path/to/file_689.txt,33.67376133117025,574
/path/to/file_679.txt,4.906999945245123,627
/path/to/file_271.txt,33.14152485001098,1410
/path/to/file_284.txt,24.48839983129668,1403
/path/to/file_270.txt,36.07386337536106,342
/path/to/file_155.txt,37.8316080646927,595
/path/to/file_553.txt,13.302680173931453,21
/path/to/file_93.txt,38.91653557216972,655
/path/to/file_635.txt,31.162702951203237,540
/path/to/file_850.txt,38.85736402270102,471
/path/to/file_522.txt,34.401471480145005,1274
/path/to/file_303.txt,6.472661434349658,326
/path/to/file_38.txt,32.31075781799212,178
/path/to/file_627.txt,29.916907889670163,838
/path/to/file_429.txt,9.626767894014776,583
/path/to/file_242.txt,6.824785492360714,1164
/path/to/file_30.txt,38.86498831636378,563
/path/to/file_675.txt,17.937792148687592,608
/path/to/file_735.txt,35.49332399840415,1722
/path/to/file_987.txt,26.728908270756733,1341
/path/to/file_74.txt,4.547328456226816,773
/path/to/file_828.txt,39.992218573536434,1110
/path/to/file_82.txt,26.247857335050632,1591
/path/to/file_876.txt,26.052477167378886,202
/path/to/file_539.txt,33.5110749672199,1232
/path/to/file_729.txt,10.372276730282351,932
/path/to/file_953.txt,8.576251991742257,1252
/path/to/file_92.txt,20.624562172500667,542
/path/to/file_690.txt,16.05004389770024,1729
/path/to/file_344.txt,28.77699907345264,1892
/path/to/file_337.txt,32.437094172146594,1263
/path/to/file_750.txt,15.879044567777715,336
/path/to/file_171.txt,37.59471868057462,1492
/path/to/file_73.txt,27.614930868738448,110
/path/to/file_733.txt,22.58562070845517,1696
/path/to/file_290.txt,36.934214511834,99
/path/to/file_183.txt,36.587230921637314,107
/path/to/file_360.txt,18.20269179525203,424
/path/to/file_604.txt,38.5164320918845,84
/path/to/file_532.txt,14.056334476307457,491
/path/to/file_182.txt,6.9211043336957445,91
/path/to/file_2.txt,17.554100819290475,576
/path/to/file_244.txt,8.141766892340726,1353
/path/to/file_721.txt,1.0946869199656728,1579
/path/to/file_815.txt,38.081621091735144,106
/path/to/file_916.txt,33.90618821763998,1691
/path/to/file_350.txt,39.219861112358444,986
/path/to/file_119.txt,19.701058059227947,1645
/path/to/file_761.txt,2.74180736704142,204
/path/to/file_208.txt,38.899736845502254,1917
/path/to/file_498.txt,33.68978828531673,1204
/path/to/file_841.txt,0.12268486573157489,1998
/path/to/file_72.txt,9.785061235128758,1119
/path/to/file_9.txt,38.682232651383764,317
/path/to/file_218.txt,30.245472541042137,1788
/path/to/file_138.txt,11.846568645526183,861
/path/to/file_421.txt,26.416460270156932,312
/path/to/file_114.txt,15.669628161090593,1213
/path/to/file_412.txt,25.68759443252391,1178
/path/to/file_732.txt,31.769358366671238,1897
/path/to/file_198.txt,26.299971701366577,1697
/path/to/file_709.txt,27.950073959571036,204
/path/to/file_333.txt,37.1223917029697,1919
/path/to/file_128.txt,17.30514642431604,1208
/path/to/file_361.txt,21.916969267860424,47
/path/to/file_435.txt,24.432247948076448,906
/path/to/file_387.txt,3.0055374453533146,524
/path/to/file_485.txt,1.3934397429714451,1339
/path/to/file_195.txt,29.91182076994654,241
/path/to/file_954.txt,24.467004467021653,1013
/path/to/file_872.txt,39.28760922468091,89
/path/to/file_747.txt,32.46126582471008,1953
/path/to/file_706.txt,34.73689420492035,1900
/path/to/file_756.txt,35.28653892610653,1636
/path/to/file_865.txt,27.816843365611813,1023
/path/to/file_731.txt,13.314335211451969,235
/path/to/file_898.txt,5.58029675047067,1896
/path/to/file_633.txt,28.778799930278424,1330
/path/to/file_131.txt,7.360607703370632,399
/path/to/file_215.txt,3.0524635235470132,416
/path/to/file_609.txt,29.465600424677774,1376
/path/to/file_675.txt,35.3642164818296,455
/path/to/file_55.txt,0.2231696336857647,732
/path/to/file_43.txt,6.574435331904653,730
/path/to/file_1000.txt,24.480725428237122,1592
/path/to/file_885.txt,6.877959677930168,220
/path/to/file_417.txt,13.726823657514139,1105
/path/to/file_728.txt,21.79958625121984,1985
/path/to/file_257.txt,8.48966244300803,683
/path/to/file_593.txt,38.06173808890867,638
/path/to/file_23.txt,1.7313201621053498,194
/path/to/file_134.txt,32.87185112580519,1096
/path/to/file_551.txt,0.6706795348657613,1842
/path/to/file_133.txt,24.35096035488587,285
/path/to/file_605.txt,10.321751822579785,1156
/path/to/file_790.txt,33.832434788347776,1564
/path/to/file_755.txt,6.678743518779067,1293
/path/to/file_37.txt,24.612856502351278,1159
/path/to/file_590.txt,39.05770199087171,1041
/path/to/file_929.txt,25.389890948343158,1077
/path/to/file_544.txt,6.440961516030783,568
/path/to/file_310.txt,5.1077265805498495,1679
/path/to/file_810.txt,25.050953900106112,1093
/path/to/file_262.txt,31.669491482745862,737
/path/to/file_620.txt,36.253321833002865,1937
/path/to/file_704.txt,39.34847160118072,563
/path/to/file_932.txt,23.727316664749665,1037
/path/to/file_274.txt,14.981053251253789,1553
/path/to/file_326.txt,35.13891829538171,1854
/path/to/file_969.txt,3.2725047641409732,1484
/path/to/file_886.txt,37.846451476886486,972
/path/to/file_276.txt,1.3552504648263142,326
/path/to/file_354.txt,31.681656488994197,1613
/path/to/file_871.txt,18.08578918225212,933
/path/to/file_115.txt,12.956994737017155,1317
/path/to/file_966.txt,2.221091564290485,1457
/path/to/file_464.txt,37.136379142117704,526
/path/to/file_508.txt,0.16200743521877392,1749
/path/to/file_91.txt,31.42649349586808,1401
/path/to/file_270.txt,0.9353967322197576,1583
/path/to/file_919.txt,18.72077357618226,1499
/path/to/file_896.txt,18.268774659325018,1007
/path/to/file_5.txt,36.283678826110936,1132
/path/to/file_906.txt,39.30965951029714,1688
/path/to/file_122.txt,27.045494549636906,922
/path/to/file_118.txt,30.357159936580445,636
/path/to/file_166.txt,20.14715527371294,1696
/path/to/file_773.txt,1.2173549689679453,1501
/path/to/file_293.txt,4.994880461269315,988
/path/to/file_148.txt,31.28505751604122,1830
/path/to/file_9.txt,3.7916334501743343,1182
/path/to/file_156.txt,11.816322496252889,132
/path/to/file_502.txt,19.196516931309574,1491
/path/to/file_652.txt,13.163433086944094,1521
/path/to/file_368.txt,7.357131364760909,131
/path/to/file_499.txt,4.874026803684632,631
/path/to/file_256.txt,6.652218918474699,1935
/path/to/file_466.txt,39.815623309437704,567
/path/to/file_617.txt,35.5375543277728,1930
/path/to/file_34.txt,16.20867401743407,834
/path/to/file_183.txt,14.143395818596826,1961
/path/to/file_355.txt,34.68089534656376,82
/path/to/file_98.txt,8.149814535892972,309
/path/to/file_957.txt,1.6487455412785357,1281
/path/to/file_245.txt,31.548534907070646,567
/path/to/file_727.txt,16.57411712256711,1554
/path/to/file_527.txt,1.1268601669650957,916
/path/to/file_190.txt,1.089553346292842,1691
/path/to/file_434.txt,35.54155581286315,1240
/path/to/file_502.txt,13.356653435255645,682
/path/to/file_307.txt,8.182008476477991,1556
/path/to/file_954.txt,25.19244941279481,1670
/path/to/file_13.txt,17.797609865091417,319
/path/to/file_992.txt,31.602297560715208,914
/path/to/file_57.txt,21.77846701281321,229
/path/to/file_37.txt,5.293525269523287,1541
/path/to/file_946.txt,14.446343311572711,1418
/path/to/file_866.txt,11.388072726526449,1638
/path/to/file_675.txt,1.8416715047234034,1644
/path/to/file_515.txt,11.842053524286186,77
/path/to/file_110.txt,15.785367043685028,1669
/path/to/file_771.txt,32.52556904627264,329
/path/to/file_139.txt,26.85243463605225,1146
/path/to/file_62.txt,29.33574886586182,1673
/path/to/file_322.txt,7.239012250017374,754
/path/to/file_860.txt,22.819682586553203,453
/path/to/file_296.txt,35.20640674417078,446
/path/to/file_431.txt,2.0660537312878846,42
/path/to/file_407.txt,9.159443267215867,1189
/path/to/file_134.txt,14.454945852781563,1425
/path/to/file_196.txt,31.968913643820237,1842
/path/to/file_248.txt,8.732928266017668,688
/path/to/file_376.txt,39.701810749811614,373
/path/to/file_582.txt,4.8407526718813765,788
/path/to/file_431.txt,30.32532092929818,1448
/path/to/file_482.txt,11.832554043753444,1211
/path/to/file_693.txt,17.821118090233476,545
/path/to/file_819.txt,24.682544141415818,713
/path/to/file_71.txt,3.9674643527094133,142
/path/to/file_455.txt,39.59463674857289,1152
/path/to/file_417.txt,34.014119123491255,101
/path/to/file_433.txt,4.065934967606841,1271
/path/to/file_378.txt,16.719094472641174,458
/path/to/file_272.txt,5.367736363499951,547
/path/to/file_627.txt,0.7392219322575588,1132
/path/to/file_721.txt,11.709381898092586,1161
/path/to/file_999.txt,30.555843926887288,1994
/path/to/file_328.txt,9.084342707719415,1214
/path/to/file_846.txt,18.28675274909351,676
/path/to/file_382.txt,4.873856404609835,566
/path/to/file_428.txt,33.25817250143355,1176
/path/to/file_587.txt,9.734019266599564,1921
/path/to/file_465.txt,4.762677140839808,688
/path/to/file_918.txt,0.5428277253272951,922
/path/to/file_338.txt,39.81443358855296,1038
/path/to/file_410.txt,27.506180348596306,1067
/path/to/file_145.txt,22.632148326331478,127
/path/to/file_71.txt,36.961050774210904,1731
/path/to/file_39.txt,38.26615477988428,537
/path/to/file_716.txt,6.132522413591053,1896
/path/to/file_635.txt,1.9965333034428712,1408
/path/to/file_936.txt,7.580832790609753,1615
/path/to/file_885.txt,20.2545247725608,1102
/path/to/file_242.txt,30.090077878739866,463
/path/to/file_57.txt,33.349676111563895,748
/path/to/file_449.txt,11.841713804467272,143
/path/to/file_617.txt,17.2672675349557,609
/path/to/file_881.txt,35.407649633438425,75
/path/to/file_797.txt,36.86168723421413,1547
/path/to/file_644.txt,22.33360532034785,1601
/path/to/file_222.txt,23.544704875110586,806
/path/to/file_768.txt,25.643766146073716,1842
/path/to/file_899.txt,23.652817824914788,305
/path/to/file_266.txt,7.293226779724455,1896
/path/to/file_586.txt,9.460545190155884,861
/path/to/file_40.txt,22.284563808553525,1485
/path/to/file_891.txt,13.06435887902527,189
/path/to/file_688.txt,6.187515910944565,923
/path/to/file_79.txt,34.4424381874711,1234
/path/to/file_20.txt,32.00695829331723,868
/path/to/file_842.txt,35.451699544346155,571
/path/to/file_17.txt,1.7063805883147376,368
/path/to/file_754.txt,12.79714918870216,904
/path/to/file_636.txt,4.744743122162105,493
/path/to/file_321.txt,38.818276183243206,25
/path/to/file_279.txt,21.623521169837346,1827
/path/to/file_848.txt,39.163813893889824,1765
/path/to/file_400.txt,18.62602831895423,1195
/path/to/file_239.txt,7.9248234491129965,1299
/path/to/file_812.txt,18.057147351543573,1275
/path/to/file_485.txt,19.74165114576598,480
/path/to/file_677.txt,32.75391448116105,1003
/path/to/file_610.txt,22.629983063269044,1662
/path/to/file_523.txt,25.207096195030143,1878
/path/to/file_651.txt,5.2247307808280485,244
/path/to/file_189.txt,25.46099451147208,871
/path/to/file_545.txt,11.283239183322817,1162
/path/to/file_613.txt,5.361092405674124,489
/path/to/file_504.txt,28.407383469945234,564
/path/to/file_312.txt,7.089875049737175,1420
/path/to/file_51.txt,35.61471346295831,1566
/path/to/file_472.txt,14.300037274962447,1427
/path/to/file_943.txt,21.4365671963844,1814
/path/to/file_730.txt,7.0710765864655745,1923
/path/to/file_860.txt,9.423590116465439,15
/path/to/file_556.txt,9.060977656471767,1652
/path/to/file_834.txt,35.20150273654431,1435
/path/to/file_49.txt,20.758140969542293,288
/path/to/file_784.txt,20.748032961781536,251
/path/to/file_134.txt,1.2828437958516092,1439
/path/to/file_395.txt,21.662915884697757,824
/path/to/file_146.txt,20.74814799360698,1486
/path/to/file_691.txt,37.64084430046281,1527
/path/to/file_772.txt,15.739940290478227,900
/path/to/file_742.txt,15.001154971065116,188
/path/to/file_391.txt,10.75176969351122,842
/path/to/file_16.txt,29.435040667653972,1044
/path/to/file_767.txt,26.258807152995118,284
/path/to/file_914.txt,32.79994218515297,1436
/path/to/file_643.txt,0.45538480559906613,1262
/path/to/file_901.txt,11.52673182628735,251
/path/to/file_892.txt,9.290144577663506,1522
/path/to/file_980.txt,23.012957918256973,1618
/path/to/file_938.txt,28.621558450250593,41
/path/to/file_68.txt,14.92724442553834,222
/path/to/file_164.txt,19.574228539308027,1968
/path/to/file_804.txt,37.578284526558996,1395
/path/to/file_36.txt,21.09412903766874,1221
/path/to/file_55.txt,5.2478360738033825,96
/path/to/file_558.txt,27.121036734672064,1586
/path/to/file_994.txt,21.598741243776498,1268
/path/to/file_776.txt,4.157387023086341,1170
/path/to/file_312.txt,25.240419188590973,1645
/path/to/file_396.txt,35.27290274175262,1447
/path/to/file_220.txt,37.62532293050437,720
/path/to/file_863.txt,5.49067077380085,1333
/path/to/file_602.txt,28.0599770360767,547
/path/to/file_164.txt,39.58331430121662,1637
/path/to/file_941.txt,28.34147406833705,1005
/path/to/file_627.txt,32.774277534591526,1659
/path/to/file_133.txt,13.398505626959833,663
/path/to/file_245.txt,14.408369403651019,644
/path/to/file_141.txt,15.60762022013304,1687
/path/to/file_725.txt,22.82943688685944,561
/path/to/file_862.txt,11.181770881960906,1202
/path/to/file_544.txt,12.19671148477075,465
/path/to/file_638.txt,11.924045689511345,764
/path/to/file_587.txt,0.7833619544366677,1048
/path/to/file_257.txt,3.3134639869675997,945
/path/to/file_37.txt,17.323990413612655,1422
/path/to/file_200.txt,31.163015219848667,22
/path/to/file_643.txt,10.74171329215146,1040
/path/to/file_474.txt,1.0381374784610164,154
/path/to/file_911.txt,31.125581998602957,1813
/path/to/file_66.txt,14.652600155508285,465
/path/to/file_824.txt,10.9795442714219,1866
/path/to/file_8.txt,8.461714330294914,318
/path/to/file_582.txt,38.73976822348466,1571
/path/to/file_138.txt,16.10376716250395,320
/path/to/file_168.txt,9.339550526955268,1255
/path/to/file_153.txt,11.778412994951628,1172
/path/to/file_616.txt,32.074923788847215,1613
/path/to/file_907.txt,6.200504302879786,794
/path/to/file_422.txt,19.692118041009703,1246
/path/to/file_735.txt,26.388298582414976,40
/path/to/file_541.txt,1.4178582933280026,1476
/path/to/file_988.txt,34.92619251494204,1948
/path/to/file_426.txt,39.89032702513576,221
/path/to/file_522.txt,31.65211555163755,517
/path/to/file_737.txt,18.97241647137411,1525
/path/to/file_695.txt,33.8493875858338,1682
/path/to/file_553.txt,31.23128900744797,536
/path/to/file_282.txt,19.65798691345244,1812
/path/to/file_192.txt,30.119609171757876,1363
/path/to/file_67.txt,17.273246005154345,1547
/path/to/file_168.txt,30.731697934300527,1305
/path/to/file_296.txt,23.054005825101164,654
/path/to/file_733.txt,32.652218987485256,1184
/path/to/file_118.txt,16.423837754035166,154
/path/to/file_537.txt,0.8388933557997502,1809
/path/to/file_708.txt,29.586032394211827,917
/path/to/file_352.txt,38.53107999573461,484
/path/to/file_923.txt,26.616551967878934,626
/path/to/file_319.txt,16.240940111492005,711
/path/to/file_209.txt,30.590899031260506,1178
/path/to/file_541.txt,1.5302045247261153,1418
/path/to/file_54.txt,16.199852346457497,1658
/path/to/file_999.txt,5.697657994144225,964
/path/to/file_972.txt,1.681182788710327,1513
/path/to/file_516.txt,6.885382225575145,204
/path/to/file_904.txt,33.85213450280504,1148
/path/to/file_231.txt,21.92813848508245,883
/path/to/file_888.txt,39.31109903945249,1096
/path/to/file_737.txt,22.87448359873299,1388
/path/to/file_122.txt,25.413279763985095,1149
/path/to/file_665.txt,18.909733160118364,66
/path/to/file_547.txt,12.468963426844763,588
/path/to/file_754.txt,14.276226980568012,640
/path/to/file_323.txt,29.165922671370282,1762
/path/to/file_723.txt,16.355594727060318,1041
/path/to/file_279.txt,39.36226981404077,389
/path/to/file_950.txt,20.692929307800046,766
/path/to/file_184.txt,18.46719173940869,416
/path/to/file_318.txt,11.294304013331185,1063
/path/to/file_833.txt,33.260303220096176,1211
/path/to/file_974.txt,18.902597794292213,1348
/path/to/file_365.txt,12.101676605068693,1110
/path/to/file_379.txt,23.030926659309884,1895
/path/to/file_572.txt,2.8969494753595137,1982
/path/to/file_476.txt,14.116049905568202,1481
/path/to/file_954.txt,39.6007072937549,137
/path/to/file_48.txt,17.95491635762916,676
/path/to/file_414.txt,24.995827140460275,1876
/path/to/file_109.txt,5.793656351571541,1818
/path/to/file_875.txt,35.80832430114273,580
/path/to/file_983.txt,19.733581153489705,70
/path/to/file_210.txt,2.5485710396790395,589
/path/to/file_213.txt,19.84884723705889,1112
/path/to/file_274.txt,11.92252270645362,1699
/path/to/file_775.txt,18.759940647710458,297
/path/to/file_101.txt,32.025687912462374,197
/path/to/file_277.txt,36.93878233796372,1500
/path/to/file_737.txt,33.774784020905045,390
/path/to/file_600.txt,18.456695165510606,692
/path/to/file_567.txt,18.24117352223052,757
/path/to/file_954.txt,24.9297808586843,1520
/path/to/file_132.txt,23.674214033025443,489
/path/to/file_843.txt,32.19688620631794,599
/path/to/file_710.txt,37.95900276227793,358
/path/to/file_567.txt,35.83731075908934,774
/path/to/file_384.txt,23.770183875018972,422
/path/to/file_363.txt,3.391584555788927,558
/path/to/file_120.txt,27.84750475475441,1132
/path/to/file_593.txt,13.71722945233338,1464
/path/to/file_890.txt,2.7556925124042753,540
/path/to/file_663.txt,27.897904020029777,809
/path/to/file_748.txt,23.630197424286067,983
/path/to/file_597.txt,5.671368184942902,22
/path/to/file_506.txt,13.320465225938886,1304
/path/to/file_363.txt,19.58352013939355,1215
/path/to/file_558.txt,3.1132677728029767,555
/path/to/file_859.txt,5.766644586104599,519
/path/to/file_892.txt,38.53127851819691,1008
/path/to/file_217.txt,31.886404114134233,781
/path/to/file_304.txt,26.408042621718245,567
/path/to/file_715.txt,27.440401413956113,790
/path/to/file_88.txt,8.858549585422839,803
/path/to/file_319.txt,30.920361818427466,898
/path/to/file_946.txt,31.648958292008796,678
/path/to/file_281.txt,32.65437334193201,16
/path/to/file_700.txt,11.361936392700716,816
/path/to/file_73.txt,36.8020733068111,400
/path/to/file_787.txt,9.887668122459953,1765
/path/to/file_365.txt,6.483635956347489,1017
/path/to/file_98.txt,13.58915228229212,965
/path/to/file_773.txt,7.225904533413163,1037
/path/to/file_819.txt,22.776004978405886,164
/path/to/file_119.txt,30.274021020101323,1723
/path/to/file_664.txt,22.70257400856738,426
/path/to/file_873.txt,20.99135023931934,1207
/path/to/file_232.txt,21.569042162694736,1710
/path/to/file_691.txt,15.709341544610496,1581
/path/to/file_249.txt,11.335286846652547,1752
/path/to/file_902.txt,25.65150107609071,443
/path/to/file_680.txt,12.43340464347083,382
/path/to/file_502.txt,6.795608551108452,870
/path/to/file_273.txt,17.537538614738093,1022
/path/to/file_705.txt,2.703186538909139,470
/path/to/file_573.txt,5.458314728797862,1806
/path/to/file_32.txt,28.378080725160824,1193
/path/to/file_414.txt,33.41108099530256,864
/path/to/file_151.txt,2.100983204158635,676
/path/to/file_316.txt,28.339993699473833,1595
/path/to/file_215.txt,23.944683758451614,769
/path/to/file_539.txt,24.760019608521944,301
/path/to/file_423.txt,23.09427911822278,740
/path/to/file_562.txt,18.032714879287347,1937
/path/to/file_84.txt,9.02059004181908,78
/path/to/file_660.txt,15.286420138614535,1065
/path/to/file_695.txt,37.36528049336098,1961
/path/to/file_229.txt,23.875015865115067,620
/path/to/file_676.txt,10.08802064732234,176
/path/to/file_987.txt,12.343692050658044,617
/path/to/file_479.txt,17.038310415000467,1942
/path/to/file_71.txt,32.239808938690835,790
/path/to/file_893.txt,0.4713788826238252,149
/path/to/file_62.txt,21.032351693019127,568
/path/to/file_556.txt,10.913444325402569,726
/path/to/file_895.txt,34.893181996220065,161
/path/to/file_639.txt,8.514583784143607,349
/path/to/file_195.txt,9.078123072039723,198
/path/to/file_98.txt,8.11806386139898,1110
/path/to/file_301.txt,31.438440470669068,791
/path/to/file_160.txt,24.03189607811143,488
/path/to/file_938.txt,21.6293357150403,569
/path/to/file_98.txt,32.267325530964456,1682
/path/to/file_523.txt,11.186206528688615,1844
/path/to/file_129.txt,24.861320629318296,216
/path/to/file_16.txt,5.976002513686103,1863
/path/to/file_713.txt,34.261269903182466,778
/path/to/file_582.txt,14.87937548308761,537
/path/to/file_537.txt,28.082852076276986,64
/path/to/file_365.txt,5.280452097629498,220
/path/to/file_497.txt,15.030512109059426,612
/path/to/file_152.txt,6.706789370050901,1959
/path/to/file_425.txt,22.747769622256225,1167
/path/to/file_283.txt,18.01909911819692,976
/path/to/file_838.txt,20.4037384771243,1335
/path/to/file_294.txt,18.393397304658258,1533
/path/to/file_406.txt,31.04738741866367,751
/path/to/file_101.txt,27.730113701942983,1945
/path/to/file_759.txt,25.884871596529603,411
/path/to/file_505.txt,18.846128514475605,1416
/path/to/file_52.txt,16.79943601823513,1952
/path/to/file_709.txt,26.74404736722056,369
/path/to/file_260.txt,14.997696001467279,1196
/path/to/file_19.txt,33.277962878873204,1873
/path/to/file_767.txt,3.81548961764405,35
/path/to/file_569.txt,1.2827454984251707,636
/path/to/file_38.txt,4.327754837923252,1723
/path/to/file_179.txt,29.796746288629862,551
/path/to/file_864.txt,22.432641133618795,1654
/path/to/file_886.txt,23.4868093448202,499
/path/to/file_987.txt,23.28695585334024,1114
/path/to/file_212.txt,7.72145030967899,46
/path/to/file_298.txt,17.731646491580698,351
/path/to/file_155.txt,13.403361375797331,1840
/path/to/file_771.txt,11.535700529766695,1143
/path/to/file_701.txt,33.6858511307106,461
/path/to/file_583.txt,17.942607941298625,1792
/path/to/file_540.txt,34.97792457788322,287
/path/to/file_767.txt,22.87632430664152,106
/path/to/file_721.txt,35.05487836800253,498
/path/to/file_8.txt,17.767829681250333,1373
/path/to/file_919.txt,1.5309651114449219,1447
/path/to/file_501.txt,28.13331418456771,186
/path/to/file_885.txt,36.245723682307144,1984
/path/to/file_350.txt,8.497422294002682,108
/path/to/file_421.txt,8.542676485082978,1732
/path/to/file_745.txt,21.782710470664398,1900
/path/to/file_773.txt,9.580313080809212,1159
/path/to/file_41.txt,5.008684942420967,1460
/path/to/file_510.txt,12.512294663067728,1751
/path/to/file_124.txt,2.5244512722326906,688
/path/to/file_602.txt,19.674688298277626,437
/path/to/file_432.txt,19.592713651299242,511
/path/to/file_739.txt,3.541382912923714,796
/path/to/file_692.txt,33.491196609730444,716
/path/to/file_24.txt,28.9437936067202,1061
/path/to/file_286.txt,15.760149138811563,1887
/path/to/file_822.txt,8.99743350121016,692
/path/to/file_499.txt,37.237701773696756,1724
/path/to/file_108.txt,6.438451133456811,210
/path/to/file_118.txt,19.148225326423667,579
/path/to/file_993.txt,35.09653403165768,1359
/path/to/file_526.txt,10.544793867313928,1080
/path/to/file_286.txt,8.838271205788764,362
/path/to/file_81.txt,17.679810148638317,1983
/path/to/file_732.txt,0.34369468674752657,797
/path/to/file_960.txt,1.5044436241146997,518
/path/to/file_368.txt,12.956725944866498,1278
/path/to/file_735.txt,24.63807397090546,18
/path/to/file_470.txt,30.267463619293782,1967
/path/to/file_463.txt,22.568683315149908,1719
/path/to/file_273.txt,19.889646044629682,1667
/path/to/file_686.txt,5.9937349708260745,1461
/path/to/file_920.txt,27.314178487791505,383
/path/to/file_762.txt,0.8654841824417092,14
/path/to/file_449.txt,11.015179354764385,1174
/path/to/file_905.txt,1.523479660758582,1210
/path/to/file_949.txt,12.974876906737665,131
/path/to/file_918.txt,16.789142809310622,601
/path/to/file_667.txt,7.5584560181411975,1944
/path/to/file_658.txt,29.676403348433467,1085
/path/to/file_193.txt,16.685438273049073,1245
/path/to/file_694.txt,21.749150166239296,176
/path/to/file_163.txt,33.032777658126065,1477
/path/to/file_563.txt,4.778785200170779,931
/path/to/file_55.txt,19.24674736766189,751
/path/to/file_938.txt,36.763010739225805,559
/path/to/file_28.txt,20.652127420260726,707
/path/to/file_358.txt,23.086281740400413,1987
/path/to/file_502.txt,16.034505398716572,83
/path/to/file_35.txt,26.234489848457766,3
/path/to/file_346.txt,4.865000017211365,607
/path/to/file_54.txt,36.972860385906095,449
/path/to/file_766.txt,6.903244457729385,328
/path/to/file_458.txt,38.443764403862005,186
/path/to/file_747.txt,37.63009028904555,1993
/path/to/file_744.txt,0.6192941049410106,1915
/path/to/file_458.txt,10.077283612230378,1710
/path/to/file_459.txt,11.20298154729008,1669
/path/to/file_352.txt,38.97502038789619,350
/path/to/file_197.txt,33.293477366051285,102
/path/to/file_457.txt,33.75426773177505,988
/path/to/file_799.txt,37.30466086574487,1684
/path/to/file_737.txt,20.997913834762088,384
/path/to/file_636.txt,34.222669838376525,1215
/path/to/file_221.txt,34.291073364211606,1520
/path/to/file_481.txt,6.303596421650881,1940
/path/to/file_705.txt,8.26377456966869,1319
/path/to/file_179.txt,23.146573892398997,818
/path/to/file_21.txt,21.193968998420484,172
/path/to/file_523.txt,3.717546403350269,1227
/path/to/file_149.txt,24.822265735839117,1439
/path/to/file_573.txt,28.20191484985675,654
/path/to/file_290.txt,7.933652442768775,26
/path/to/file_535.txt,20.55783657236298,726
/path/to/file_39.txt,11.088699900012564,292
/path/to/file_203.txt,6.233054267438098,114
/path/to/file_999.txt,22.456651876254895,1206
/path/to/file_694.txt,32.07879019899038,866
/path/to/file_517.txt,16.830689659194444,1940
/path/to/file_300.txt,20.49931991293934,886
/path/to/file_361.txt,33.90497439039852,1921
/path/to/file_73.txt,24.95746846380369,344
/path/to/file_23.txt,32.35397423128254,1703
/path/to/file_774.txt,23.523165087231718,1167
/path/to/file_341.txt,21.235199061447965,1244
/path/to/file_248.txt,9.929943457286248,969
/path/to/file_571.txt,26.266486899533966,343
/path/to/file_890.txt,34.13195775786397,1423
/path/to/file_14.txt,10.352580304550143,839
/path/to/file_236.txt,17.262523343465872,1199
/path/to/file_23.txt,27.54032194042385,563
/path/to/file_472.txt,9.050203551392674,1033
/path/to/file_899.txt,33.54682502297457,1343
/path/to/file_846.txt,26.216482126298256,942
/path/to/file_831.txt,18.239438770920376,1313
/path/to/file_397.txt,0.6748843894219547,287
/path/to/file_682.txt,27.250508638427196,79
/path/to/file_322.txt,8.750379647078294,1372
/path/to/file_519.txt,25.766631242788435,1150
/path/to/file_506.txt,35.373466314278694,938
/path/to/file_875.txt,37.139450599256556,1784
/path/to/file_338.txt,14.843092411025221,1233
/path/to/file_447.txt,0.9308296104440972,678
/path/to/file_834.txt,30.56721985109741,232
/path/to/file_118.txt,28.337587137751616,410
/path/to/file_393.txt,22.470794773220707,1743
/path/to/file_245.txt,15.431623006028552,1501
/path/to/file_547.txt,14.713253860646663,271
/path/to/file_279.txt,38.7725167805202,151
/path/to/file_595.txt,20.75211195625093,1226
/path/to/file_724.txt,15.002768721653945,568
/path/to/file_907.txt,32.198996765684306,1849
/path/to/file_1000.txt,38.893816126296514,94
/path/to/file_910.txt,1.926535455084335,291
/path/to/file_458.txt,37.7779213851001,1875
/path/to/file_348.txt,20.327620569036032,1656
/path/to/file_132.txt,6.6868387026193155,517
/path/to/file_844.txt,20.718318858809575,1118
/path/to/file_248.txt,24.234896600840777,1566
/path/to/file_51.txt,6.28660851780491,471
/path/to/file_633.txt,13.114831153310469,356
/path/to/file_960.txt,38.78964590169613,1537
/path/to/file_274.txt,19.48133308207348,1784
/path/to/file_606.txt,25.366894201403184,67
/path/to/file_625.txt,38.95063874716226,815
/path/to/file_908.txt,5.266661224644977,1067
/path/to/file_538.txt,8.889207741165723,385
/path/to/file_77.txt,24.20395947887906,1426
/path/to/file_160.txt,29.96222377022487,15
/path/to/file_527.txt,23.918548878091507,373
/path/to/file_988.txt,10.537970762291167,1159
/path/to/file_984.txt,27.085685123133945,183
/path/to/file_946.txt,19.29683130661354,1422
/path/to/file_420.txt,2.1924040089552133,69
/path/to/file_703.txt,28.664603002218456,1094
/path/to/file_889.txt,4.005369649077926,382
/path/to/file_580.txt,12.52190435240939,782
/path/to/file_737.txt,1.8195173010510413,552
/path/to/file_404.txt,6.712854377012225,1721
/path/to/file_17.txt,2.935161631861285,1696
/path/to/file_662.txt,1.1398930710715405,1699
/path/to/file_338.txt,31.096523046905766,1715
/path/to/file_313.txt,35.431586548349316,4
/path/to/file_924.txt,11.526841104825976,1465
/path/to/file_429.txt,36.65075654695161,1104
/path/to/file_400.txt,34.45766817899754,1657
/path/to/file_783.txt,8.152819330072983,1116
/path/to/file_207.txt,13.366984640146722,1223
/path/to/file_67.txt,6.370973026226272,1308
/path/to/file_655.txt,30.150101568859373,1542
/path/to/file_648.txt,17.26207244294793,1056
/path/to/file_379.txt,22.2888341955148,562
/path/to/file_657.txt,39.570466731629764,1385
/path/to/file_989.txt,36.753168183606824,154
/path/to/file_569.txt,30.126859635398944,453
/path/to/file_299.txt,16.164194310430624,1497
/path/to/file_326.txt,2.132306002999713,1673
/path/to/file_378.txt,17.04110942864462,1138
/path/to/file_489.txt,17.790618542202083,1370
/path/to/file_317.txt,31.77297207225623,1347
/path/to/file_68.txt,26.280173166061296,1432
/path/to/file_463.txt,20.01163369789573,1608
/path/to/file_297.txt,22.518050639777123,1618
/path/to/file_913.txt,26.504671648088518,852
/path/to/file_759.txt,24.08620303325811,458
/path/to/file_966.txt,16.47221846923913,534
/path/to/file_359.txt,15.850828599337285,801
/path/to/file_816.txt,7.7361239467396015,1281
/path/to/file_928.txt,10.144108850096298,356
/path/to/file_977.txt,5.7876084928657345,1058
/path/to/file_116.txt,6.3272038413743115,334
/path/to/file_935.txt,19.889877749379977,1510
/path/to/file_418.txt,10.301242009646053,645
/path/to/file_132.txt,12.405826557192473,603
/path/to/file_992.txt,32.04001289113822,1420
/path/to/file_858.txt,13.189183448565952,1495
/path/to/file_339.txt,19.349166999504543,1857
/path/to/file_73.txt,9.37616327643176,91
/path/to/file_909.txt,24.75217549728354,8
/path/to/file_896.txt,2.3258832181192846,796
/path/to/file_523.txt,0.9895893450237336,1109
/path/to/file_753.txt,11.514825942414703,1626
/path/to/file_572.txt,15.084414150495714,87
/path/to/file_326.txt,34.12602858928092,401
/path/to/file_50.txt,15.184312207087949,1289
/path/to/file_607.txt,26.65143549903729,299
/path/to/file_558.txt,14.67339943829851,343
/path/to/file_837.txt,25.57827482298024,1097
/path/to/file_462.txt,17.640042566932014,731
/path/to/file_344.txt,1.1849490017942133,529
/path/to/file_573.txt,30.01479765438817,1358
/path/to/file_485.txt,26.212007172578215,1744
/path/to/file_178.txt,31.60633978751755,746
/path/to/file_992.txt,18.747527461316427,1679
/path/to/file_805.txt,15.361826752287842,1709
/path/to/file_989.txt,37.8239353849136,858
/path/to/file_865.txt,38.91746388705669,917
/path/to/file_78.txt,31.492056093151582,591
/path/to/file_331.txt,16.959753857602003,457
/path/to/file_312.txt,24.482574264755762,1878
/path/to/file_783.txt,37.7497685107963,1113
/path/to/file_206.txt,11.248832981031187,723
/path/to/file_36.txt,1.7527286112039508,1569
/path/to/file_542.txt,2.1711578273036114,1103
/path/to/file_413.txt,12.09237021978514,954
/path/to/file_516.txt,39.57893238580601,951
/path/to/file_107.txt,20.084509137301858,1561
/path/to/file_646.txt,38.67930428490777,53
/path/to/file_103.txt,28.704900484446764,104
/path/to/file_478.txt,3.3564218712704275,875
/path/to/file_740.txt,26.227419497387313,745
/path/to/file_426.txt,23.436640836311852,1547
/path/to/file_460.txt,15.484070511797672,1220
/path/to/file_189.txt,10.397296337432586,1649
/path/to/file_941.txt,25.91659080597607,1475
/path/to/file_475.txt,5.991456639436947,926
/path/to/file_44.txt,17.740650716330144,1231
/path/to/file_767.txt,10.575456814597102,915
/path/to/file_32.txt,38.112911652558964,1544
/path/to/file_882.txt,23.924185614434506,1210
/path/to/file_960.txt,36.318129563049645,1960
/path/to/file_944.txt,27.63016516553226,1497
/path/to/file_824.txt,34.935865743188,48
/path/to/file_668.txt,25.351334159002057,335
/path/to/file_786.txt,10.100642951454258,395
/path/to/file_972.txt,30.764135204017734,599
/path/to/file_237.txt,36.69963017258725,467
/path/to/file_934.txt,2.177813523861203,621
/path/to/file_614.txt,21.7364920973804,1121
/path/to/file_392.txt,26.5741737526729,1184
/path/to/file_126.txt,14.502313879722779,316
/path/to/file_343.txt,14.888908918774785,874
/path/to/file_715.txt,33.01393451645181,1063
/path/to/file_135.txt,38.916902593942694,1895
/path/to/file_551.txt,38.477039994700355,1187
/path/to/file_953.txt,36.53510740608654,1958
/path/to/file_883.txt,1.9761031332701195,396
/path/to/file_109.txt,18.15335446878851,1004
/path/to/file_87.txt,27.401499676447763,997
/path/to/file_73.txt,34.074652094491576,1616
/path/to/file_163.txt,26.40817239368966,632
/path/to/file_817.txt,5.454654015669824,1598
/path/to/file_426.txt,37.62628004896384,1048
/path/to/file_593.txt,35.92373581497971,1940
/path/to/file_465.txt,17.714807218910153,1661
/path/to/file_18.txt,1.0341478983457897,801
/path/to/file_632.txt,25.9431950702599,56
/path/to/file_294.txt,18.965550733874615,1938
/path/to/file_521.txt,24.051898172020238,1170
/path/to/file_388.txt,27.865170324250613,1607
/path/to/file_891.txt,14.688785411026938,1452
/path/to/file_883.txt,21.425186505659084,1461
/path/to/file_569.txt,13.398822478760536,1966
/path/to/file_703.txt,31.474273500390026,1335
/path/to/file_604.txt,1.54089756466409,979
/path/to/file_355.txt,34.11256287504164,1790
/path/to/file_421.txt,26.53426018620366,1441
/path/to/file_706.txt,5.956885255512914,1965
/path/to/file_747.txt,13.34496196685421,375
/path/to/file_777.txt,8.251992199769195,1414
/path/to/file_214.txt,19.81243061513844,775
/path/to/file_873.txt,6.042213314385982,674
/path/to/file_996.txt,0.4687509322015826,1754
/path/to/file_865.txt,4.504479493906137,558
/path/to/file_364.txt,32.18116382613476,139
/path/to/file_501.txt,38.90938593285104,525
/path/to/file_289.txt,24.180897989343357,1259
/path/to/file_581.txt,38.972381437844284,508
/path/to/file_558.txt,7.116014788249836,568
/path/to/file_807.txt,16.62667885362699,658
/path/to/file_303.txt,24.45159725161872,838
/path/to/file_733.txt,27.837958826749972,1292
/path/to/file_847.txt,4.5446473547261546,849
/path/to/file_600.txt,11.105622644719851,1348
/path/to/file_695.txt,36.87811825164648,1047
/path/to/file_871.txt,22.364208448830194,1041
/path/to/file_159.txt,22.753420865352396,236
/path/to/file_116.txt,0.18856793747377143,1318
/path/to/file_685.txt,11.80644916445912,855
/path/to/file_658.txt,15.476457870449632,1146
/path/to/file_590.txt,21.034464731593012,712
/path/to/file_882.txt,34.08873655083398,1509
/path/to/file_962.txt,39.37411615640108,438
/path/to/file_738.txt,5.972893492716924,894
/path/to/file_849.txt,38.55736400736988,1736
/path/to/file_599.txt,36.02215803589028,1789
/path/to/file_973.txt,25.05052114696216,267
/path/to/file_195.txt,7.086601985462266,846
/path/to/file_157.txt,32.1685160697723,1926
/path/to/file_722.txt,19.94034584568494,771
/path/to/file_609.txt,18.15465909770051,515
/path/to/file_724.txt,13.395115946576635,393
/path/to/file_203.txt,5.802796738380049,1158
/path/to/file_627.txt,27.08375834979652,1600
/path/to/file_409.txt,21.44925130195467,233
/path/to/file_628.txt,6.634174659548027,1595
/path/to/file_53.txt,0.8316164972370466,1572
/path/to/file_197.txt,13.024111989043341,748
/path/to/file_282.txt,11.465108902635892,1837
/path/to/file_140.txt,30.70295061959085,702
/path/to/file_469.txt,18.26111423568863,507
/path/to/file_923.txt,17.215834693925306,1070
/path/to/file_738.txt,19.189776143499945,1514
/path/to/file_844.txt,26.02409721156747,775
/path/to/file_169.txt,25.560495711846663,572
/path/to/file_545.txt,12.544864826117973,38
/path/to/file_899.txt,20.84718249027102,1306
/path/to/file_111.txt,25.735998141734242,1875
/path/to/file_183.txt,31.86990436595203,949
/path/to/file_197.txt,32.51170904912037,1401
/path/to/file_396.txt,10.71521191819727,538
/path/to/file_573.txt,30.141282142541534,210
/path/to/file_55.txt,31.811941405620992,1040
/path/to/file_79.txt,11.693922064827218,845
/path/to/file_72.txt,38.34627169679921,928
/path/to/file_27.txt,19.320248080089076,484
/path/to/file_382.txt,13.25687902432405,1308
/path/to/file_107.txt,29.315914618328264,1811
/path/to/file_870.txt,0.526899283632769,1528
/path/to/file_587.txt,36.76941546030497,1202
/path/to/file_210.txt,25.527706336319977,1191
/path/to/file_821.txt,38.54113201728345,1732
/path/to/file_118.txt,17.95360406266216,695
/path/to/file_475.txt,36.73286509305517,1265
/path/to/file_859.txt,18.176291810505457,924
/path/to/file_466.txt,4.574635986315876,1454
/path/to/file_925.txt,8.066949824300593,998
/path/to/file_91.txt,7.174402348903026,1261
/path/to/file_627.txt,28.127741349733135,1418
/path/to/file_676.txt,18.70715225002419,317
/path/to/file_919.txt,2.8719665577014997,1375
/path/to/file_123.txt,23.112213382893017,1104
/path/to/file_854.txt,20.367368891372077,1876
/path/to/file_785.txt,26.057091818294694,1567
/path/to/file_352.txt,30.863907775510548,1215
/path/to/file_464.txt,12.758379090852676,195
/path/to/file_890.txt,33.96867605856973,1792
/path/to/file_426.txt,6.703358258321588,791
/path/to/file_684.txt,28.64488201290817,387
/path/to/file_788.txt,1.3834389962665616,1498
/path/to/file_465.txt,12.96593681035938,1450
/path/to/file_769.txt,35.21587079238391,1777
/path/to/file_332.txt,8.161636884115069,389
/path/to/file_457.txt,7.643621632118984,1845
/path/to/file_974.txt,11.741774919504726,482
/path/to/file_958.txt,3.5029051490434915,1428
/path/to/file_918.txt,28.460029063516696,1817
/path/to/file_514.txt,26.039731544535208,1301
/path/to/file_38.txt,15.508965786827078,236
/path/to/file_702.txt,26.172207891748865,716
/path/to/file_618.txt,9.846266540404818,184
/path/to/file_53.txt,4.308510909249117,643
/path/to/file_143.txt,38.66220547193586,759
/path/to/file_655.txt,12.443285209635043,1931
/path/to/file_258.txt,29.816029389969493,856
/path/to/file_957.txt,11.865635241200284,207
/path/to/file_524.txt,32.30855737181052,1878
/path/to/file_853.txt,7.551577687832927,1356
/path/to/file_366.txt,39.21964727971866,1908
/path/to/file_963.txt,34.41286324763964,1892
/path/to/file_65.txt,32.678862332191855,591
/path/to/file_69.txt,12.090550071435837,559
/path/to/file_151.txt,4.534924682530259,974
/path/to/file_602.txt,33.060674377237824,1326
/path/to/file_344.txt,16.265744449787892,1478
/path/to/file_813.txt,34.708942216901704,1300
/path/to/file_473.txt,22.63246970925494,1152
/path/to/file_947.txt,13.314035471999958,1187
/path/to/file_81.txt,22.815448158191153,1855
/path/to/file_14.txt,4.915024318138341,392
/path/to/file_688.txt,32.5158086330677,1565
/path/to/file_486.txt,33.677347231762006,1716
/path/to/file_738.txt,12.772032400414952,958
/path/to/file_320.txt,15.136253823681574,1043
/path/to/file_980.txt,3.9741055683471993,1748
/path/to/file_606.txt,6.122261667948377,724
/path/to/file_283.txt,6.77739784193101,899
/path/to/file_782.txt,5.235750923530844,391
/path/to/file_991.txt,21.00080655828219,829
/path/to/file_442.txt,38.3748298759347,1505
/path/to/file_534.txt,23.294265872370016,991
/path/to/file_23.txt,15.140774032905968,854
/path/to/file_284.txt,35.540337636647436,72
/path/to/file_143.txt,7.939010548338947,887
/path/to/file_16.txt,28.542502679700085,1179
/path/to/file_292.txt,20.233236752098477,1967
/path/to/file_997.txt,17.580259541704123,567
/path/to/file_941.txt,11.316535557922606,1249
/path/to/file_759.txt,21.122050882956252,1978
/path/to/file_265.txt,33.701524128628336,401
/path/to/file_254.txt,25.175884846779905,1336
/path/to/file_889.txt,18.999717888645495,1665
/path/to/file_768.txt,30.737224267061226,1897
/path/to/file_193.txt,37.918341275231214,1959
/path/to/file_514.txt,32.31018695358745,391
/path/to/file_724.txt,31.08736253955835,1471
/path/to/file_584.txt,9.438712075936056,422
/path/to/file_258.txt,7.1106674983505735,1442
/path/to/file_195.txt,13.104161636206083,384
/path/to/file_43.txt,33.854480600087584,945
/path/to/file_549.txt,39.77154775318407,1986
/path/to/file_379.txt,33.10539570181039,1102
/path/to/file_754.txt,6.771949639052761,1694
/path/to/file_667.txt,11.636797496132086,1232
/path/to/file_291.txt,7.981966346550653,1457
/path/to/file_734.txt,38.98932985861681,132
/path/to/file_619.txt,39.87478443504837,1249
/path/to/file_551.txt,25.951652095388155,723
/path/to/file_198.txt,35.21436914915821,1446
/path/to/file_78.txt,16.353012721171922,1953
/path/to/file_160.txt,23.331833412798204,1034
/path/to/file_760.txt,2.3964977239879737,1781
/path/to/file_332.txt,14.875077818478207,356
/path/to/file_660.txt,3.910643072003368,1561
/path/to/file_988.txt,21.34205514322598,155
/path/to/file_841.txt,32.47441590723574,971
/path/to/file_901.txt,39.031201359168,453
/path/to/file_800.txt,32.84672934868237,260
/path/to/file_776.txt,8.821006825388409,1119
/path/to/file_472.txt,26.834257452302694,416
/path/to/file_246.txt,27.910602229315398,624
/path/to/file_401.txt,12.113565236641914,1415
/path/to/file_563.txt,27.629503971507678,768
/path/to/file_582.txt,34.11514231532253,1691
/path/to/file_1000.txt,2.6729462651885294,466
/path/to/file_4.txt,0.9978102832543811,1197
/path/to/file_8.txt,18.115886103485437,392
/path/to/file_66.txt,34.20535837662871,1499
/path/to/file_565.txt,32.90700806456351,265
/path/to/file_79.txt,20.911399864439876,558
/path/to/file_872.txt,32.352099142178105,1932
/path/to/file_734.txt,8.123197233825703,288
/path/to/file_996.txt,29.397015726328938,631
/path/to/file_568.txt,39.76474057026716,320
/path/to/file_444.txt,36.9814479294739,622
/path/to/file_708.txt,34.32800104523537,360
/path/to/file_359.txt,4.921702873749529,1614
/path/to/file_695.txt,34.72934331755,782
/path/to/file_963.txt,3.933502106956275,972
/path/to/file_501.txt,37.20033631305428,1642
/path/to/file_852.txt,37.31494441193022,656
/path/to/file_938.txt,27.858272247602216,888
/path/to/file_558.txt,12.108111516226963,1952
/path/to/file_470.txt,12.08869652292757,8
/path/to/file_666.txt,15.555461325399307,316
/path/to/file_178.txt,30.97883328750337,1936
/path/to/file_343.txt,33.507459248248274,134
/path/to/file_593.txt,23.49045077227374,1347
/path/to/file_370.txt,33.82337887922874,562
/path/to/file_189.txt,3.673628339787922,65
/path/to/file_460.txt,19.224363777776947,1518
/path/to/file_916.txt,4.995926989636312,396
/path/to/file_357.txt,7.564197713856795,536
/path/to/file_650.txt,27.252846991409374,1328
/path/to/file_652.txt,30.327859938388904,349
/path/to/file_340.txt,34.50007345811806,1736
/path/to/file_221.txt,38.790891724486094,1044
/path/to/file_587.txt,5.8004933937701075,1808
/path/to/file_344.txt,4.148828958584656,1787
/path/to/file_810.txt,23.27491532294408,393
/path/to/file_103.txt,27.538010849619383,1500
/path/to/file_504.txt,36.671486520934394,1209
/path/to/file_255.txt,20.990517744778682,97
/path/to/file_171.txt,1.6866896669444431,1697
/path/to/file_130.txt,11.233146724023921,1553
/path/to/file_737.txt,8.900834156964837,1639
/path/to/file_444.txt,8.674039813553325,70
/path/to/file_747.txt,33.84341287993527,1718
/path/to/file_777.txt,2.802660078941903,1303
/path/to/file_261.txt,20.452220268900838,112
/path/to/file_297.txt,11.277957165570282,1292
/path/to/file_113.txt,2.1416013085413033,451
/path/to/file_666.txt,5.3935573720842855,992
/path/to/file_610.txt,35.20232148972799,811
/path/to/file_458.txt,1.6243904921162189,583
/path/to/file_918.txt,39.50990506949801,368
/path/to/file_137.txt,3.235903145909562,314
/path/to/file_478.txt,7.351810447887548,1319
/path/to/file_208.txt,3.6009843743152725,1096
/path/to/file_770.txt,0.37154447564836435,98
/path/to/file_562.txt,1.618974552063941,408
/path/to/file_599.txt,24.861744864628804,1993
/path/to/file_599.txt,17.285006664545474,784
/path/to/file_987.txt,24.7386027618239,1355
/path/to/file_949.txt,28.145903115050114,12
/path/to/file_139.txt,30.137032464391382,694
/path/to/file_334.txt,20.71454915595719,132
/path/to/file_799.txt,14.099814709723791,1142
/path/to/file_186.txt,17.29254476450915,663
/path/to/file_134.txt,23.292480208879603,1213
/path/to/file_785.txt,39.39687165839312,1922
/path/to/file_397.txt,19.311146964580352,1553
/path/to/file_108.txt,17.638566827567253,28
/path/to/file_309.txt,37.61659103287243,18
/path/to/file_466.txt,29.344104025324057,913
/path/to/file_164.txt,8.334056796353742,1015
/path/to/file_835.txt,31.79482007145124,1750
/path/to/file_418.txt,25.08682570566432,330
/path/to/file_440.txt,25.621732718378727,1093
/path/to/file_302.txt,13.306687373706492,1416
/path/to/file_893.txt,29.1600754084889,478
/path/to/file_230.txt,0.14677133700099265,1784
/path/to/file_629.txt,20.80410154981761,1585
/path/to/file_243.txt,16.40522197679048,1989
/path/to/file_847.txt,28.56155958109074,1769
/path/to/file_584.txt,20.471151545440293,293
/path/to/file_458.txt,25.61174184761384,662
/path/to/file_176.txt,23.807274015701935,594
/path/to/file_789.txt,34.98618403175151,848
/path/to/file_52.txt,34.14200895034201,1199
/path/to/file_181.txt,3.3730520061117097,786
/path/to/file_330.txt,22.549349585052628,1751
/path/to/file_192.txt,8.635131922968991,775
/path/to/file_973.txt,4.904724952296906,448
